Source,Target,Type,id,weight
679295,1097597,Directed,0,1
679295,3154012,Directed,1,1
679291,3315482,Directed,2,1
679291,2346444,Directed,3,1
679291,3254807,Directed,4,1
679291,1618251,Directed,5,1
679291,3509412,Directed,6,1
679291,3521012,Directed,7,1
679298,2062393,Directed,8,1
679298,3097264,Directed,9,1
679298,3274264,Directed,10,1
679298,3891501,Directed,11,1
679298,1903893,Directed,12,1
679298,3521035,Directed,13,1
679298,4453611,Directed,14,1
679298,3609769,Directed,15,1
679298,2062383,Directed,16,1
679293,4318618,Directed,17,1
679293,2437755,Directed,20,2
679293,2342652,Directed,22,2
679300,2207551,Directed,24,1
679300,2912726,Directed,25,1
679300,1012866,Directed,26,1
679300,730348,Directed,27,1
679300,2764956,Directed,28,1
679310,1012873,Directed,29,1
679310,3303547,Directed,30,1
679310,3050669,Directed,31,1
679310,1903760,Directed,32,1
679310,1319635,Directed,33,1
679310,2437752,Directed,34,1
679309,2769256,Directed,35,1
679309,2001377,Directed,36,1
679309,2305214,Directed,37,1
679309,1120348,Directed,38,1
679309,821732,Directed,39,1
679309,1618259,Directed,40,1
679309,1903881,Directed,41,1
679309,3303544,Directed,42,1
679309,2820520,Directed,43,1
679309,3699920,Directed,44,1
679309,4030729,Directed,45,1
679309,3307437,Directed,46,1
1012857,3332689,Directed,48,1
1012857,2932237,Directed,49,1
1012857,3509405,Directed,50,1
1012857,1900875,Directed,51,1
1012857,3015665,Directed,52,1
1012857,2001345,Directed,53,1
1012857,3630854,Directed,54,1
1012857,3033163,Directed,55,1
1012857,2280618,Directed,56,1
1012857,1097658,Directed,57,1
1012857,3129393,Directed,58,1
1012857,1319618,Directed,59,1
1012857,2912726,Directed,60,1
679314,4318618,Directed,61,1
679314,2548466,Directed,62,1
679314,2473602,Directed,63,1
679314,2445947,Directed,64,1
679314,3909047,Directed,65,1
679314,3655016,Directed,66,1
679314,2231949,Directed,67,1
679302,4008187,Directed,68,1
679302,2685948,Directed,70,1
1012860,2001338,Directed,71,1
1012863,4318618,Directed,73,1
679316,1858757,Directed,74,1
679316,2280780,Directed,75,1
679316,1900869,Directed,76,1
679316,1120325,Directed,77,1
679316,1900889,Directed,78,1
679316,2437752,Directed,79,1
679316,1012873,Directed,80,1
679316,2062393,Directed,81,1
679316,3307437,Directed,82,1
679316,1903881,Directed,83,1
679316,2342596,Directed,84,1
679316,1120365,Directed,85,1
679316,3427704,Directed,86,1
679316,1436595,Directed,87,1
679316,1005595,Directed,88,1
679316,3083681,Directed,89,1
1012867,2912701,Directed,90,1
1012867,2181334,Directed,91,1
1012867,3509420,Directed,92,1
1012867,1711788,Directed,94,1
1012866,3129364,Directed,95,1
1012866,4013803,Directed,98,1
1012866,2912726,Directed,99,1
1012874,3296790,Directed,105,1
1012874,1900868,Directed,106,1
1012874,2346444,Directed,107,1
1012873,2178011,Directed,108,1
1012873,1319635,Directed,109,1
1012873,1320598,Directed,110,1
1012873,2437752,Directed,111,1
1012870,2820520,Directed,112,1
1012870,3315492,Directed,114,1
1012870,2280661,Directed,115,1
1012870,3315502,Directed,116,1
1012870,2912717,Directed,117,1
1012870,3303544,Directed,118,1
1012870,3410591,Directed,119,1
1012870,3609802,Directed,120,1
1012870,4258658,Directed,121,1
1012875,2062383,Directed,122,1
1012875,1736072,Directed,123,1
1012875,3315482,Directed,124,1
1012875,2342596,Directed,125,1
1012875,2062393,Directed,126,1
1012875,3609769,Directed,127,1
1012875,2346444,Directed,128,1
1012875,3447704,Directed,129,1
1012875,2437752,Directed,130,1
1012875,1436646,Directed,131,1
1012875,1616156,Directed,132,1
1012876,4168353,Directed,134,1
1012876,2560776,Directed,135,1
1012871,2001405,Directed,137,1
1012871,2437752,Directed,138,1
1320580,2445947,Directed,139,1
1320586,4258604,Directed,141,1
1320586,3315502,Directed,142,1
1320586,1618234,Directed,143,1
1320586,1711699,Directed,144,1
1320586,2932237,Directed,145,1
1320586,1711692,Directed,146,1
1320586,2912705,Directed,147,1
1320586,3332698,Directed,148,1
1320586,2001270,Directed,149,1
1320586,3609802,Directed,150,1
1320586,3521043,Directed,151,1
1320586,2634087,Directed,152,1
1900858,3994320,Directed,153,1
1900858,2567939,Directed,154,1
1900882,2346444,Directed,156,1
1900882,2448623,Directed,157,1
1900882,2448673,Directed,158,1
1900882,4291892,Directed,159,1
2177990,3967217,Directed,160,1
679311,1616029,Directed,161,1
679311,1161536,Directed,162,1
679311,2280580,Directed,163,1
679311,2437752,Directed,165,1
679311,1618246,Directed,166,1
679311,664109,Directed,167,1
1320592,3609769,Directed,168,1
1320592,3855094,Directed,169,1
1320592,3609802,Directed,170,1
1320592,2820520,Directed,171,1
1320592,1618253,Directed,173,1
1320592,2166871,Directed,174,1
1320592,3254749,Directed,175,1
1320592,1618238,Directed,176,1
1320592,2995751,Directed,177,1
1320577,2854929,Directed,178,1
1320577,2603269,Directed,179,1
1320577,2062383,Directed,180,1
679299,4318618,Directed,181,1
679299,4291892,Directed,182,1
679299,3315492,Directed,183,1
679299,3303544,Directed,184,1
679299,2820520,Directed,185,1
679299,3509405,Directed,187,1
679299,3129393,Directed,188,1
1320576,4318618,Directed,189,1
1320576,1711662,Directed,191,1
1320576,1711625,Directed,192,1
1320576,3332688,Directed,193,1
1320576,3699941,Directed,194,1
1320576,2181290,Directed,195,1
679294,3609769,Directed,196,1
679294,3609802,Directed,197,1
679294,3303522,Directed,198,1
679294,3509412,Directed,199,1
679294,3307437,Directed,200,1
1320585,2001405,Directed,202,1
1320588,3609802,Directed,203,1
1320588,3533212,Directed,204,1
1320588,2437751,Directed,205,1
1320588,2912705,Directed,206,1
1320588,3332698,Directed,207,1
1320588,4100912,Directed,208,1
679303,4318618,Directed,214,1
679303,3967217,Directed,215,1
679303,3521012,Directed,216,1
679303,1615994,Directed,217,1
1320595,2280808,Directed,218,1
1320595,2932237,Directed,219,1
1320595,2860374,Directed,220,1
679306,2445947,Directed,221,1
679306,1413384,Directed,222,1
679306,3427639,Directed,223,1
679306,1618249,Directed,224,1
679306,3032908,Directed,225,1
679292,3410591,Directed,226,1
679292,3196541,Directed,227,1
679292,1120323,Directed,228,1
679292,1161536,Directed,229,1
1320591,2231954,Directed,231,1
1320591,2859434,Directed,232,1
1320591,2548258,Directed,233,1
1320591,2280601,Directed,234,1
1320597,3083651,Directed,235,1
1320597,2912716,Directed,236,1
1320597,3008978,Directed,237,1
1320597,3254778,Directed,238,1
1320597,3129374,Directed,239,1
1320597,3427704,Directed,240,1
1320597,3303528,Directed,241,1
1320597,2280780,Directed,242,1
1320597,2796931,Directed,243,1
1320597,3654946,Directed,245,1
1320597,2797015,Directed,246,1
1320597,3854914,Directed,247,1
1320582,3982562,Directed,254,1
1320582,2912709,Directed,255,1
1320582,3033163,Directed,257,1
1320582,2280618,Directed,258,1
1320579,3609769,Directed,259,1
1320579,2437752,Directed,260,1
1320579,2437741,Directed,261,1
1320579,1618242,Directed,262,1
1320579,2062383,Directed,263,1
1320579,3447704,Directed,264,1
1320579,1736072,Directed,265,1
1320579,2305214,Directed,266,1
1320579,2025459,Directed,267,1
1320579,2912715,Directed,268,1
1320579,3609760,Directed,269,1
1320579,2062393,Directed,270,1
1320579,2346444,Directed,271,1
1320579,2342596,Directed,272,1
1320579,1903881,Directed,273,1
1320601,2280580,Directed,274,1
1320601,3033086,Directed,275,1
1320601,2181429,Directed,276,1
1320601,3810372,Directed,277,1
1320601,1903948,Directed,278,1
1320601,1900892,Directed,279,1
1900865,3254856,Directed,280,1
1900865,3363076,Directed,281,1
1900865,3254830,Directed,282,1
1900865,3609787,Directed,283,1
1900870,2305186,Directed,289,1
1900870,2177999,Directed,290,1
1900870,3315492,Directed,291,1
1900870,2567939,Directed,292,1
1900870,3303544,Directed,294,1
1900870,2912722,Directed,295,1
1900864,3994320,Directed,296,1
1900864,2346444,Directed,297,1
1900864,3050668,Directed,298,1
1900864,2437752,Directed,299,1
1900864,2685979,Directed,300,1
1900869,3609787,Directed,304,1
1900869,3427704,Directed,305,1
1900869,3891501,Directed,306,1
1900869,3303547,Directed,307,1
1900869,3654946,Directed,308,1
1900869,3032908,Directed,309,1
1900869,3521040,Directed,310,1
1900869,3303528,Directed,311,1
1900869,3129374,Directed,312,1
1900869,3254778,Directed,313,1
1900869,3129371,Directed,314,1
1320598,2178011,Directed,315,1
1320598,3050669,Directed,316,1
1320598,2728709,Directed,317,1
1320598,2437752,Directed,318,1
1320598,1319635,Directed,319,1
1900875,3509405,Directed,320,1
1900875,3129393,Directed,321,1
1900875,3465121,Directed,322,1
1900875,2567938,Directed,323,1
1900875,2854954,Directed,324,1
1900875,2280580,Directed,326,1
1900875,2437752,Directed,327,1
1900875,3307437,Directed,328,1
1900877,3129388,Directed,329,1
1900877,2178009,Directed,330,1
1900877,3830515,Directed,331,1
1900877,2995792,Directed,332,1
1900877,4258465,Directed,333,1
1900857,3509405,Directed,337,1
1900857,2161057,Directed,338,1
1900857,3296790,Directed,340,1
1320593,2932295,Directed,341,1
1320593,2932215,Directed,342,1
1320593,2062393,Directed,343,1
1320578,2166871,Directed,344,1
1900868,4030729,Directed,345,1
1900868,2305186,Directed,346,1
1900868,2448673,Directed,348,1
1900881,3129356,Directed,350,1
1900881,2995792,Directed,351,1
1900881,3032959,Directed,352,1
1900881,2912700,Directed,353,1
1900862,3933488,Directed,354,1
1900862,4094295,Directed,355,1
1900866,3480596,Directed,357,1
1900866,3521692,Directed,358,1
1900866,3887184,Directed,359,1
1900866,3731694,Directed,360,1
1900866,2178006,Directed,361,1
1900873,2231949,Directed,364,1
1320602,3303528,Directed,365,1
1320602,3427704,Directed,366,1
1320602,3050669,Directed,367,1
1320602,3083681,Directed,368,1
1320602,3129374,Directed,369,1
1320602,1711545,Directed,370,1
1320602,2932349,Directed,371,1
679307,2001411,Directed,372,1
679307,2445947,Directed,373,1
679307,2161057,Directed,374,1
679307,679312,Directed,375,1
1900879,2025455,Directed,376,1
1900879,3296790,Directed,377,1
1900879,2437737,Directed,378,1
1900879,2342596,Directed,380,1
1900879,2025461,Directed,381,1
1900879,2437741,Directed,382,1
1900879,3097278,Directed,383,1
1900879,3609769,Directed,384,1
1900879,2346444,Directed,385,1
1900879,3332689,Directed,386,1
1900879,3129382,Directed,387,1
1900879,3185257,Directed,388,1
1900879,3447704,Directed,389,1
1900879,2912715,Directed,390,1
1900879,3332693,Directed,391,1
1900879,2912723,Directed,392,1
1900879,4291892,Directed,393,1
1900879,2912730,Directed,394,1
1900874,2932237,Directed,395,1
1900874,2437751,Directed,396,1
1900874,4134763,Directed,397,1
1900874,3533212,Directed,398,1
1900874,2280808,Directed,399,1
1900874,3254784,Directed,400,1
1900874,2548496,Directed,401,1
1900874,2912709,Directed,402,1
1900874,2280618,Directed,403,1
1900871,2769256,Directed,404,1
1900871,3410591,Directed,405,1
1900889,3129371,Directed,406,1
1900886,1900886,Directed,407,1
1900888,4453611,Directed,408,1
1900888,4168353,Directed,409,1
1900888,2177999,Directed,410,1
1900888,2912709,Directed,411,1
1900888,2001485,Directed,412,1
1900888,2685966,Directed,413,1
1900888,2797162,Directed,414,1
1900888,3410591,Directed,415,1
1900888,2912727,Directed,416,1
1900888,2567939,Directed,417,1
2177993,2603269,Directed,431,1
2178002,2437744,Directed,432,1
2178002,3050668,Directed,433,1
2178002,4031142,Directed,434,1
2177991,2734388,Directed,435,1
1900883,2166871,Directed,437,1
1900883,4251088,Directed,439,1
1900883,4172514,Directed,440,1
1900883,3836132,Directed,442,1
1900883,2912705,Directed,444,1
1900885,3097278,Directed,445,1
1900885,3315502,Directed,446,1
1900885,4168353,Directed,447,1
2177999,2305186,Directed,448,1
2177999,2820520,Directed,449,1
2177999,2854942,Directed,450,1
2177999,3315492,Directed,451,1
2177999,2912715,Directed,453,1
2177999,3303544,Directed,455,1
2177999,4453611,Directed,456,1
2177999,2912722,Directed,457,1
2178001,2231954,Directed,458,1
2178001,2437752,Directed,461,1
2177998,2854954,Directed,462,1
2178004,4134772,Directed,463,1
2178004,3521041,Directed,464,1
2178004,4033916,Directed,465,1
1900893,4318618,Directed,466,1
1900893,4445955,Directed,468,1
1900893,3609769,Directed,469,1
1900893,3303544,Directed,470,1
1900893,2820520,Directed,471,1
1900893,2177999,Directed,472,1
1900893,3887184,Directed,474,1
1900893,2437742,Directed,475,1
1900893,4453611,Directed,476,1
1900887,4030729,Directed,477,1
1900887,3480596,Directed,478,1
1900887,3465057,Directed,479,1
1900887,2178006,Directed,480,1
1900887,3907426,Directed,481,1
1900887,3509420,Directed,482,1
1900887,3699939,Directed,483,1
1900887,2548258,Directed,484,1
1900887,2231954,Directed,485,1
1900887,3509405,Directed,486,1
1900887,3274250,Directed,487,1
1900887,3296790,Directed,488,1
2178010,2567939,Directed,499,1
2178010,4168353,Directed,500,1
2178010,3887184,Directed,501,1
2178010,4453611,Directed,502,1
2178010,2685962,Directed,504,1
1900872,3097264,Directed,505,1
1900872,3609802,Directed,507,1
1900872,2820520,Directed,508,1
1900872,3480596,Directed,509,1
1900872,3315492,Directed,510,1
1900872,2912717,Directed,511,1
1900872,3303544,Directed,512,1
1900872,2437752,Directed,513,1
1900872,4453615,Directed,514,1
2177994,2755033,Directed,516,1
2177994,3480589,Directed,517,1
2177994,2876601,Directed,518,1
1900892,2346444,Directed,519,1
1900892,3172575,Directed,520,1
1900892,2437751,Directed,521,1
1900892,1903948,Directed,522,1
2177997,4318618,Directed,524,1
2177997,3129356,Directed,526,1
2177996,3307437,Directed,528,1
2177996,3254807,Directed,530,1
2177996,3521045,Directed,531,1
1900863,3129374,Directed,532,1
1900863,3303547,Directed,533,1
1900863,3303528,Directed,534,1
1900863,3521040,Directed,535,1
1900863,2178011,Directed,536,1
1900863,2820544,Directed,537,1
1900863,2797015,Directed,540,1
2178003,3521026,Directed,541,1
2178003,3129384,Directed,542,1
2178003,3731662,Directed,543,1
2178003,4030729,Directed,544,1
2178003,3480596,Directed,545,1
2178003,3274256,Directed,546,1
2178006,3891501,Directed,549,1
2178006,3731662,Directed,550,1
2178006,4030729,Directed,551,1
2178006,3480596,Directed,552,1
2178006,2854947,Directed,553,1
2178006,3699941,Directed,554,1
2437734,3609769,Directed,555,1
2437734,3609787,Directed,556,1
2437734,4453611,Directed,557,1
2437734,4168353,Directed,558,1
2437734,3254807,Directed,559,1
2437734,3185257,Directed,561,1
2437734,3699941,Directed,562,1
2437734,3521692,Directed,563,1
2178000,3215392,Directed,564,1
2178000,3699939,Directed,565,1
2178000,3509420,Directed,569,1
2178000,3630825,Directed,570,1
2178000,3907426,Directed,571,1
2437741,3274256,Directed,572,1
2437741,3254807,Directed,573,1
2437741,3509407,Directed,574,1
2437741,3129382,Directed,575,1
2437741,2854952,Directed,576,1
2437741,3887184,Directed,577,1
2437741,4453611,Directed,578,1
2178009,3129388,Directed,579,1
2178005,3274256,Directed,580,1
2178005,2437747,Directed,581,1
2437735,3172575,Directed,582,1
2437737,3763265,Directed,584,1
2437737,2912730,Directed,585,1
2437742,2854951,Directed,586,1
2437742,4453611,Directed,587,1
2437742,3254807,Directed,588,1
2437743,4251109,Directed,590,2
2437743,2932296,Directed,591,1
2437743,3254807,Directed,592,1
2437743,3033142,Directed,593,1
2437743,3834212,Directed,597,1
2437746,2437733,Directed,598,1
2437746,3296790,Directed,599,1
2437746,3008978,Directed,600,1
2437746,3050668,Directed,601,1
2437746,2685974,Directed,602,1
2178007,2280820,Directed,603,1
2178007,3990703,Directed,604,1
2178007,4013833,Directed,605,1
2178007,3854914,Directed,606,1
2178007,2437743,Directed,607,1
2178007,2995792,Directed,608,1
2437736,3129364,Directed,609,1
2437736,3274256,Directed,610,1
2437736,3810329,Directed,611,1
2437736,4318618,Directed,612,1
2437744,3521012,Directed,613,1
2437744,3050668,Directed,614,1
2437744,4031180,Directed,615,1
2437751,3994262,Directed,617,1
2437751,4283376,Directed,618,1
2437751,2932237,Directed,619,1
2437751,3254784,Directed,620,1
2437751,4195046,Directed,621,1
2437751,4029938,Directed,622,1
2437751,2548496,Directed,623,1
2437751,3533212,Directed,624,1
2437751,3632246,Directed,625,1
2437755,3509412,Directed,628,1
2437747,3274256,Directed,630,1
2437747,2995792,Directed,631,1
2437747,2685949,Directed,632,1
2437747,3032959,Directed,633,1
2685947,3008978,Directed,634,1
2685947,2912718,Directed,635,1
2685947,3552934,Directed,636,1
2685947,3427704,Directed,637,1
2685947,3274287,Directed,638,1
2685947,3083719,Directed,639,1
2685947,2932363,Directed,640,1
2437753,4318618,Directed,641,1
2437753,4195046,Directed,642,1
2437753,4094295,Directed,643,1
2177995,4258604,Directed,644,1
2177995,3363162,Directed,645,1
2177995,3254749,Directed,646,1
2177995,2437739,Directed,647,1
2177995,3332689,Directed,648,1
2437733,4172309,Directed,650,1
2437733,3307437,Directed,651,1
2437733,4453611,Directed,652,1
2437733,3509405,Directed,653,1
2437733,3699920,Directed,654,1
2437733,3303544,Directed,655,1
2437745,3254856,Directed,657,1
2437745,4258571,Directed,659,1
2437757,2912729,Directed,660,1
2437739,3480596,Directed,661,1
2437739,2854947,Directed,662,1
2437739,3731662,Directed,663,1
2437739,3363162,Directed,664,1
2437739,3254749,Directed,665,1
2685955,4131651,Directed,675,1
2685955,3486832,Directed,676,1
2685955,4251109,Directed,677,1
2685955,4260444,Directed,679,1
2685955,3994412,Directed,680,1
2685955,4134772,Directed,681,1
2685955,4033916,Directed,682,1
2685955,3810372,Directed,683,1
2437748,4318618,Directed,684,1
2437748,3215392,Directed,685,1
2437748,3129360,Directed,686,1
2437748,2912701,Directed,689,1
2437748,3731662,Directed,690,1
2685958,3254807,Directed,691,1
2685958,3609788,Directed,692,1
2437754,3274264,Directed,693,1
2437754,2854942,Directed,694,1
2437754,3254807,Directed,695,1
2437754,3129384,Directed,696,1
2437754,3303544,Directed,698,1
2437754,4291892,Directed,700,1
2437754,2932356,Directed,701,1
2437752,3083651,Directed,702,1
2437752,3008978,Directed,703,1
2437752,3129374,Directed,704,1
2437752,3307437,Directed,705,1
2437752,3050668,Directed,706,1
2437752,3303528,Directed,707,1
2437752,4453611,Directed,708,1
2437752,4134592,Directed,709,1
2437752,3254807,Directed,710,1
2437752,3032908,Directed,711,1
2437752,2820544,Directed,712,1
2437752,2854927,Directed,713,1
2437756,3609802,Directed,714,1
2437756,3609787,Directed,715,1
2437756,2797162,Directed,716,1
2437756,2912723,Directed,717,1
2437756,2685982,Directed,718,1
2437756,3129390,Directed,719,1
2437756,2769256,Directed,720,1
2437756,2685951,Directed,722,1
2685952,3050668,Directed,723,1
2685946,3609787,Directed,724,1
2685946,3032987,Directed,725,1
2685946,4256264,Directed,726,1
2685946,4172514,Directed,727,1
2685946,3891518,Directed,728,1
2685946,3731684,Directed,729,1
2685946,3033207,Directed,730,1
2685946,3836132,Directed,732,1
2685946,3609769,Directed,736,1
2685946,3254749,Directed,737,1
2685946,3033142,Directed,738,1
2685962,3362976,Directed,740,1
2685962,3982562,Directed,741,1
2685962,4318618,Directed,742,1
2685962,3994262,Directed,743,1
2685962,2912709,Directed,744,1
2685962,2912710,Directed,745,1
2685962,3699941,Directed,746,1
2685962,3990722,Directed,747,1
2685962,3609787,Directed,748,1
2685965,3609769,Directed,750,1
2685965,3254807,Directed,751,1
2685965,3315502,Directed,752,1
2685965,4168353,Directed,754,1
2685965,4291892,Directed,755,1
2685954,3172575,Directed,756,1
2685951,3609802,Directed,758,1
2685951,3254850,Directed,759,1
2685951,2912723,Directed,760,1
2685953,3129362,Directed,761,1
2685970,4100912,Directed,762,1
2685970,3254784,Directed,763,1
2685970,4134763,Directed,764,1
2685969,3303547,Directed,780,1
2685969,3427704,Directed,781,1
2685969,3129379,Directed,782,1
2685969,3303528,Directed,783,1
2685969,3654946,Directed,784,1
2685969,3254778,Directed,785,1
2685969,3129374,Directed,786,1
2685966,3872291,Directed,787,1
2685966,2797029,Directed,788,1
2685966,2912723,Directed,789,1
2685966,3254749,Directed,790,1
2685966,3836132,Directed,791,1
2685966,3129390,Directed,792,1
2685966,2912711,Directed,793,1
2685966,3763265,Directed,794,1
2685966,3307437,Directed,795,1
2685973,4258404,Directed,796,1
2685973,4051898,Directed,797,1
2685973,3699920,Directed,798,1
2685973,3332688,Directed,799,1
2685973,3129371,Directed,800,1
2685973,3303547,Directed,801,1
2685973,3303528,Directed,802,1
2685973,3699939,Directed,803,1
2685973,3509405,Directed,804,1
2685973,3307437,Directed,805,1
2685973,3050668,Directed,806,1
2685973,4119278,Directed,808,1
2685973,3097278,Directed,810,1
2685960,4318618,Directed,811,1
2685960,3630825,Directed,813,1
2685960,3480589,Directed,814,1
2685960,3427739,Directed,815,1
2685960,2755033,Directed,816,1
2685960,3552805,Directed,817,1
2685968,3609769,Directed,819,1
2685968,3254807,Directed,821,1
2685968,3480592,Directed,823,1
2685963,3032959,Directed,825,1
2685963,3254856,Directed,826,1
2685963,2995792,Directed,827,1
2685963,3129394,Directed,828,1
2437738,3480596,Directed,829,1
2437738,3609760,Directed,830,1
2437738,3891501,Directed,831,1
2437738,2854947,Directed,832,1
2437738,3315514,Directed,834,1
2437738,3363112,Directed,835,1
2685961,3609769,Directed,837,1
2685961,3315502,Directed,839,1
2685961,3854914,Directed,840,1
2685961,3994262,Directed,842,1
2685961,3982562,Directed,843,1
2685961,2912709,Directed,844,1
2685961,2912706,Directed,845,1
2685961,3254807,Directed,846,1
2685972,3303539,Directed,847,1
2685972,3222780,Directed,848,1
2685972,3129389,Directed,849,1
2178011,3427704,Directed,859,1
2178011,3303547,Directed,860,1
2178011,3129374,Directed,861,1
2178011,3050669,Directed,862,1
2178011,3887184,Directed,863,1
2178011,3032962,Directed,864,1
2685978,4318618,Directed,866,1
2685978,4100912,Directed,867,1
2685978,4094295,Directed,870,1
2685981,4094282,Directed,871,1
2685981,3721846,Directed,872,1
2685975,3609788,Directed,875,1
2685956,4100912,Directed,876,1
2685956,3994326,Directed,878,1
2685956,4383766,Directed,879,1
2685956,3655102,Directed,880,1
2685956,3967217,Directed,881,1
2685956,3656982,Directed,882,1
2685982,3609787,Directed,883,1
2685982,4318618,Directed,884,1
2685982,3254749,Directed,885,1
2685982,2912723,Directed,886,1
2685982,2912722,Directed,888,1
2685982,3410591,Directed,889,1
2685949,2685949,Directed,896,1
2685949,2634087,Directed,897,1
2685984,2912729,Directed,898,1
2685984,3427739,Directed,899,1
2912706,3609769,Directed,901,1
2912706,3810372,Directed,902,1
2912706,3854914,Directed,903,1
2912706,3994262,Directed,905,1
2912706,3982562,Directed,906,1
2912706,3655145,Directed,907,1
2912706,4119278,Directed,909,1
2912706,3655102,Directed,911,1
2912706,3254807,Directed,912,1
2912706,3521039,Directed,913,1
2912706,4251109,Directed,914,1
2685977,2912700,Directed,915,1
2685977,2755033,Directed,916,1
2912701,4358267,Directed,922,1
2912701,3630825,Directed,923,1
2912701,3509420,Directed,924,1
2912701,3609769,Directed,926,1
2912701,3699939,Directed,927,1
2912713,3363076,Directed,928,1
2912713,3651299,Directed,929,1
2912713,3891501,Directed,930,1
2912713,3480596,Directed,931,1
2912713,4453611,Directed,932,1
2912712,3254857,Directed,933,1
2912712,4258404,Directed,934,1
2912709,3609787,Directed,935,1
2912707,3803026,Directed,937,1
2912707,3656982,Directed,938,1
2912710,3855094,Directed,940,1
2912710,3521038,Directed,941,1
2912710,3699941,Directed,942,2
2912710,3994262,Directed,944,1
2912710,3982565,Directed,945,1
2912710,3274264,Directed,946,1
2912705,3609802,Directed,948,1
2912705,3521692,Directed,949,1
2912705,4134763,Directed,950,1
2912705,4100912,Directed,951,1
2912705,3509412,Directed,952,1
2912702,3307437,Directed,953,1
2912702,3855094,Directed,955,1
2912702,3274264,Directed,956,1
2912702,3254807,Directed,957,1
2912702,3699941,Directed,958,1
2912702,3521692,Directed,959,1
2912702,3609802,Directed,961,1
2912716,3129371,Directed,962,1
2912718,4318618,Directed,963,1
2912718,3609787,Directed,964,1
2912718,3609769,Directed,965,1
2912718,3427704,Directed,966,1
2912718,4190723,Directed,967,1
2912718,3303547,Directed,968,1
2912718,3274264,Directed,969,1
2912718,3303528,Directed,970,1
2685980,3552805,Directed,972,1
2912717,3632245,Directed,974,1
2912717,3254807,Directed,975,1
2912717,3699936,Directed,976,1
2912717,3303544,Directed,978,1
2912717,3887184,Directed,979,1
2912717,4453611,Directed,980,1
2912717,4291892,Directed,981,1
2685983,4318618,Directed,983,1
2685983,3609787,Directed,984,1
2912719,3810372,Directed,985,1
2912719,4030729,Directed,986,1
2912719,3332695,Directed,987,1
2912719,4100912,Directed,988,1
2912719,3254807,Directed,989,1
2912720,3763265,Directed,990,1
2912720,3332688,Directed,991,1
2912720,3521032,Directed,992,1
2912720,3632245,Directed,993,1
2912715,3196541,Directed,994,1
2912715,3447704,Directed,995,1
2912715,3410591,Directed,996,1
2912704,3609769,Directed,997,1
2912704,4318618,Directed,999,1
2912704,3363076,Directed,1001,1
2912704,3363077,Directed,1002,1
2912704,3254830,Directed,1003,1
2912711,3129376,Directed,1004,1
2912711,3129378,Directed,1005,1
2912711,3836132,Directed,1006,1
2912711,4256264,Directed,1007,1
2912721,4008187,Directed,1008,1
2912721,3609788,Directed,1009,1
2912721,4031153,Directed,1010,1
2912721,3196814,Directed,1011,1
2912721,4291892,Directed,1012,1
2912726,4318618,Directed,1014,1
2912726,3581351,Directed,1015,1
2912726,3129364,Directed,1016,1
2912726,4094282,Directed,1017,1
2912726,3655102,Directed,1018,1
2912726,3332684,Directed,1019,1
2912700,3303544,Directed,1022,1
2912700,4119278,Directed,1024,1
2912730,4256264,Directed,1025,1
2912728,3973908,Directed,1026,1
2912728,4291892,Directed,1027,1
2912728,3129367,Directed,1028,1
2912728,3521047,Directed,1030,1
2912728,4258465,Directed,1031,1
2912729,3656959,Directed,1032,1
2912729,4013833,Directed,1034,1
2912729,3427739,Directed,1035,1
3129357,3521026,Directed,1037,1
3129357,3521043,Directed,1039,1
3129357,4029938,Directed,1040,1
2912727,3994484,Directed,1041,1
2912727,4134592,Directed,1043,1
2912727,4051888,Directed,1044,1
2912727,4453611,Directed,1045,1
2912727,4168353,Directed,1046,1
2912727,3609802,Directed,1047,1
2912727,3332704,Directed,1048,1
2912727,3699941,Directed,1049,1
2912727,3855094,Directed,1050,1
2912727,3332693,Directed,1052,1
2912727,3521039,Directed,1054,1
2912727,4051898,Directed,1055,1
2912723,3332681,Directed,1056,1
2912723,3332689,Directed,1057,1
2912723,3129378,Directed,1058,1
2912723,3129390,Directed,1059,1
2912723,3254850,Directed,1060,1
2912723,3609788,Directed,1061,1
2912714,3763265,Directed,1062,1
2912714,4318618,Directed,1063,1
2912714,3632245,Directed,1064,1
2912714,3609802,Directed,1065,1
2912714,3967217,Directed,1066,1
2912708,3032987,Directed,1067,1
2912708,4031153,Directed,1068,1
2912708,3254857,Directed,1069,1
2912708,3521038,Directed,1070,1
2912708,3521039,Directed,1071,1
2912708,3552909,Directed,1072,1
2912708,3609787,Directed,1073,1
3129367,3973908,Directed,1075,1
3129367,3465070,Directed,1077,1
3129367,3521047,Directed,1078,1
3129370,4251109,Directed,1079,1
3129369,3552909,Directed,1083,1
3129369,3810372,Directed,1084,1
3129362,3410475,Directed,1085,1
3129366,4298769,Directed,1086,1
3129374,3480526,Directed,1087,1
3129374,3521040,Directed,1088,1
2912722,3855094,Directed,1090,1
2912722,3254807,Directed,1091,1
2912722,3699941,Directed,1093,1
2912722,4168353,Directed,1094,1
2912722,3887184,Directed,1095,1
2912722,4453611,Directed,1096,1
2912722,4291892,Directed,1097,1
3129373,3521014,Directed,1098,1
3129379,3427704,Directed,1100,1
3129379,3654946,Directed,1101,1
3129379,3833995,Directed,1102,1
3129379,3671861,Directed,1103,1
3129385,4030729,Directed,1105,1
3129385,4195046,Directed,1106,1
3129385,4258571,Directed,1107,1
3129385,3552909,Directed,1108,1
3129385,3973908,Directed,1109,1
3129376,4453611,Directed,1110,1
3129376,3763265,Directed,1111,1
3129376,4291892,Directed,1114,1
3129376,4168353,Directed,1115,1
3129376,3821096,Directed,1116,1
3129376,3332693,Directed,1117,1
3129378,4258465,Directed,1119,1
3129378,3872291,Directed,1120,1
3129378,4030729,Directed,1121,1
3129378,4172514,Directed,1122,1
3129378,3656984,Directed,1123,1
3129378,3363162,Directed,1124,1
3129378,4256264,Directed,1125,1
3129382,4383766,Directed,1126,1
3129382,4318618,Directed,1128,1
3129382,3763265,Directed,1129,1
3129382,3990722,Directed,1130,1
3129381,4318618,Directed,1133,1
3129381,3274256,Directed,1134,1
3129381,3480592,Directed,1135,1
3129381,3274264,Directed,1136,1
3129381,3521692,Directed,1137,1
3129381,3699941,Directed,1138,1
3129381,4168353,Directed,1139,1
3129381,3410591,Directed,1140,1
3129387,3521038,Directed,1142,1
3129384,4094282,Directed,1143,1
3129384,4100912,Directed,1144,1
3129384,3521012,Directed,1145,1
3129384,3671918,Directed,1146,1
3129384,3907426,Directed,1147,1
3129384,3834141,Directed,1148,1
3129363,3655013,Directed,1150,1
3129363,3632245,Directed,1151,1
3129363,3821097,Directed,1152,1
3129389,3521022,Directed,1153,1
3129389,4168353,Directed,1154,1
3129389,3609787,Directed,1155,1
3129389,3332695,Directed,1156,1
3129389,4453611,Directed,1157,1
3129388,3763265,Directed,1158,1
3129372,4210800,Directed,1159,1
3129372,4036465,Directed,1160,1
3129372,3909047,Directed,1161,1
3129372,3872291,Directed,1162,1
3129386,3609787,Directed,1163,1
3129386,4358267,Directed,1164,1
3129386,3699941,Directed,1165,1
3129386,3810372,Directed,1167,1
3129386,3834212,Directed,1168,1
3129386,3332688,Directed,1169,1
3129386,4013803,Directed,1170,1
3332679,3821096,Directed,1173,1
3332679,4291892,Directed,1174,1
3332679,4258502,Directed,1175,1
3332679,3990703,Directed,1176,1
3332679,4013833,Directed,1177,1
3332679,3821097,Directed,1178,1
3332679,3834141,Directed,1179,1
3332679,3521022,Directed,1180,1
3332679,4100912,Directed,1181,1
3332682,3821096,Directed,1183,1
3332677,3699920,Directed,1184,1
3332677,4168353,Directed,1186,1
3332677,3821096,Directed,1187,1
3129383,3410591,Directed,1188,1
3129383,3521038,Directed,1189,1
3129383,3465056,Directed,1190,1
3129383,3994484,Directed,1192,1
3332683,3854914,Directed,1193,1
3332683,3994484,Directed,1194,1
3129356,3332686,Directed,1196,1
3129356,4383766,Directed,1198,1
3129356,3990722,Directed,1199,1
3129356,3655102,Directed,1200,1
3129356,3967217,Directed,1201,1
3129394,3215392,Directed,1204,1
3129394,3699939,Directed,1205,1
3129394,3509420,Directed,1207,1
3129394,3630825,Directed,1208,1
3129393,3521024,Directed,1210,1
3129393,3609769,Directed,1211,1
3129393,3509405,Directed,1212,1
3129393,3609787,Directed,1213,1
3129393,4453611,Directed,1214,1
3332680,4318618,Directed,1215,1
3332680,4172514,Directed,1216,1
3332680,3654979,Directed,1217,1
3129360,3609769,Directed,1218,1
3129360,3699939,Directed,1221,1
3129360,3509420,Directed,1222,1
3129360,3274287,Directed,1223,1
3129360,3465056,Directed,1224,1
3129360,3486560,Directed,1225,1
3129360,3630825,Directed,1226,1
3129360,3609787,Directed,1227,1
3129360,3521040,Directed,1228,1
3129360,3427704,Directed,1229,1
3129360,3552799,Directed,1230,1
3129360,3671861,Directed,1231,1
3129360,3480526,Directed,1232,1
3129360,3480589,Directed,1233,1
3332688,3855094,Directed,1235,1
3332688,4168353,Directed,1236,1
3332688,4283376,Directed,1237,1
3332688,4029938,Directed,1238,1
3332698,4318618,Directed,1239,1
3332698,3763265,Directed,1240,1
3332693,3447704,Directed,1245,1
3332693,4168353,Directed,1246,1
3332681,3609769,Directed,1256,1
3332681,3654935,Directed,1257,1
3332695,4131651,Directed,1258,1
3332695,3632246,Directed,1259,1
3332695,4251109,Directed,1260,1
3332695,4030729,Directed,1261,1
3332695,3990722,Directed,1262,1
3332689,3521035,Directed,1265,1
3332684,3521039,Directed,1266,1
3332684,4453611,Directed,1267,1
3332684,4134793,Directed,1269,1
3332684,3994440,Directed,1270,1
3332684,4051898,Directed,1271,1
3332684,3994484,Directed,1272,1
3332684,4291892,Directed,1273,1
3332684,3994511,Directed,1274,1
3332684,3833995,Directed,1275,1
3332684,3656959,Directed,1276,1
3332684,3630825,Directed,1277,1
3332701,3982562,Directed,1279,1
3332701,3982565,Directed,1280,1
3332701,4210800,Directed,1281,1
3332701,4036465,Directed,1282,1
3332690,4318618,Directed,1284,1
3332690,4291892,Directed,1285,1
3332690,4453611,Directed,1287,1
3332702,4134793,Directed,1290,1
3332702,3521027,Directed,1292,1
3332702,3655163,Directed,1293,1
3129392,3609769,Directed,1298,1
3129392,4453611,Directed,1299,1
3129392,4168353,Directed,1300,1
3332704,4453611,Directed,1301,1
3332704,4168353,Directed,1302,1
3521014,4318618,Directed,1304,1
3521014,3967217,Directed,1306,1
3521014,4285201,Directed,1307,1
3521014,4383766,Directed,1308,1
3521013,3763265,Directed,1309,1
3521013,3872291,Directed,1310,1
3521013,4134763,Directed,1312,1
3521013,4094295,Directed,1313,1
3521013,3990722,Directed,1314,1
3521010,4134763,Directed,1315,1
3521012,4094282,Directed,1316,1
3521012,4195046,Directed,1317,1
3521012,4383766,Directed,1318,1
3521012,4030729,Directed,1319,1
3521012,4318618,Directed,1321,1
3521027,4318618,Directed,1329,1
3521027,4445955,Directed,1331,1
3521027,3655013,Directed,1332,1
3521027,3632246,Directed,1333,1
3521027,3994326,Directed,1334,1
3521027,3994484,Directed,1335,1
3521027,3994439,Directed,1336,1
3521027,4258502,Directed,1337,1
3521027,4013833,Directed,1338,1
3521027,4030729,Directed,1339,1
3332687,4318618,Directed,1341,1
3129371,3552799,Directed,1342,1
3129371,3480526,Directed,1343,1
3129371,3427704,Directed,1344,1
3521024,4383766,Directed,1346,1
3521024,3855094,Directed,1347,1
3521020,3982565,Directed,1349,1
3521020,3521020,Directed,1350,1
3521022,4030729,Directed,1351,1
3521022,4094295,Directed,1352,1
3129390,4258465,Directed,1354,1
3129390,4172514,Directed,1355,1
3129390,4256264,Directed,1356,1
3521028,3763265,Directed,1359,1
3521026,4251109,Directed,1360,1
3521026,4168353,Directed,1361,1
3521030,4318618,Directed,1362,1
3521030,3982562,Directed,1363,1
3521041,4318618,Directed,1365,1
3521041,2575625,Directed,1366,1
3521041,4134772,Directed,1368,1
3521043,4100912,Directed,1370,1
3521043,4094295,Directed,1371,1
3521043,3834141,Directed,1372,1
3521043,4008187,Directed,1373,1
3521043,3731694,Directed,1374,1
3521043,3830515,Directed,1375,1
3521021,4318618,Directed,1376,1
3521021,3763265,Directed,1377,1
3521021,4030729,Directed,1378,1
3521021,4195046,Directed,1379,1
3521021,4013833,Directed,1380,1
3521035,3982562,Directed,1381,1
3521035,4030729,Directed,1383,1
3521035,3891501,Directed,1384,1
3521035,4168353,Directed,1385,1
3521009,4383766,Directed,1388,1
3521009,4258658,Directed,1389,1
3521045,3994320,Directed,1390,1
3521045,3994326,Directed,1391,1
3521045,4258604,Directed,1392,1
3521045,4029938,Directed,1393,1
3521036,4195046,Directed,1394,1
3521036,4258571,Directed,1395,1
3521038,3889739,Directed,1397,1
3521038,3655145,Directed,1399,1
3521046,3763265,Directed,1400,1
3521046,4268612,Directed,1402,1
3521046,4251109,Directed,1403,1
3521046,4383766,Directed,1404,1
3521046,4195046,Directed,1405,1
3521046,4134772,Directed,1406,1
3521046,4258604,Directed,1408,1
3521046,4445955,Directed,1409,1
3521046,4283376,Directed,1410,1
3521031,3763265,Directed,1411,1
3521031,4030729,Directed,1412,1
3521031,4094295,Directed,1413,1
3332678,4134703,Directed,1414,1
3332678,3521042,Directed,1416,1
3521039,4190713,Directed,1417,1
3521039,4134592,Directed,1419,1
3521039,3994511,Directed,1420,1
3521039,4268612,Directed,1421,1
3521039,4258502,Directed,1422,1
3521039,3891518,Directed,1423,1
3521039,3854914,Directed,1424,1
3521039,4013833,Directed,1425,1
3521029,4318618,Directed,1427,1
3521029,4030729,Directed,1429,1
3521029,4030781,Directed,1430,1
2912725,3821097,Directed,1433,1
2912725,3834141,Directed,1434,1
2912725,3655013,Directed,1435,1
2912725,3521027,Directed,1436,1
2912725,3994439,Directed,1437,1
2912725,3129362,Directed,1438,1
3332685,3830515,Directed,1439,1
3332685,3521019,Directed,1440,1
3332685,3521022,Directed,1441,1
3332685,3655013,Directed,1442,1
3332685,3521027,Directed,1443,1
3332685,3632246,Directed,1444,1
3332685,4134763,Directed,1445,1
3363105,3655083,Directed,1446,1
3362976,4453611,Directed,1447,1
3363162,3889739,Directed,1448,1
3363076,3465035,Directed,1449,1
3363112,3552909,Directed,1452,1
3362996,3990722,Directed,1455,1
3362996,4131686,Directed,1456,1
3362996,4358319,Directed,1457,1
4030781,4383766,Directed,1458,1
4030724,4258604,Directed,1459,1
3731657,4318618,Directed,1462,1
3731657,3810372,Directed,1464,1
3731657,4094282,Directed,1465,1
3731698,3891546,Directed,1467,1
3731659,4258465,Directed,1469,1
3731659,4134772,Directed,1470,1
3731659,3994412,Directed,1471,1
3731694,4318618,Directed,1472,1
3731694,4258571,Directed,1475,1
3731694,4051898,Directed,1476,1
3731684,4318618,Directed,1477,1
3731684,4258502,Directed,1478,1
3731684,4134772,Directed,1480,1
3731684,3990703,Directed,1481,1
3731684,3891501,Directed,1482,1
3731684,4030729,Directed,1483,1
3731684,4256264,Directed,1484,1
3731684,4172514,Directed,1485,1
1903896,2995751,Directed,1486,1
1903896,3731684,Directed,1488,1
1903896,3363162,Directed,1489,1
1903881,2342596,Directed,1490,1
1903881,3447704,Directed,1491,1
1903881,2912715,Directed,1492,1
1903881,3332693,Directed,1493,1
1903881,2305214,Directed,1494,1
1903881,2437752,Directed,1495,1
1903881,3609802,Directed,1496,1
1903752,3994262,Directed,1497,2
1903752,4100912,Directed,1498,1
1903752,3509412,Directed,1500,1
1903752,4134763,Directed,1502,1
1903752,2448689,Directed,1503,1
1615994,3307437,Directed,1513,1
1615994,3097264,Directed,1514,1
1615994,3332688,Directed,1515,1
1615994,3254807,Directed,1516,1
1615994,3699941,Directed,1517,1
1615994,3410591,Directed,1518,1
1615994,3609802,Directed,1519,1
1615994,4283376,Directed,1520,1
1615994,4029938,Directed,1521,1
1616029,3303522,Directed,1522,1
1616029,3097264,Directed,1523,1
1616029,3609769,Directed,1524,1
1616029,3521692,Directed,1525,1
1616029,3609802,Directed,1526,1
1616044,3303544,Directed,1527,1
1616044,2437742,Directed,1528,1
1616059,2305188,Directed,1529,1
296487,3307437,Directed,1530,1
296487,1097600,Directed,1531,1
296487,2560776,Directed,1533,1
296487,2025503,Directed,1534,1
296293,3609769,Directed,1535,1
296293,2342596,Directed,1536,1
296293,3296790,Directed,1537,1
296293,2437738,Directed,1538,1
296293,2437741,Directed,1539,1
296293,1436646,Directed,1540,1
296293,2025503,Directed,1541,1
296293,1736072,Directed,1542,1
296293,3307437,Directed,1543,1
296293,1618242,Directed,1544,1
296453,679311,Directed,1545,1
296453,3836132,Directed,1546,1
296453,1903760,Directed,1547,1
296453,1413384,Directed,1548,1
296453,2342652,Directed,1549,1
296453,664007,Directed,1550,1
296453,2560776,Directed,1551,1
296453,3410591,Directed,1552,1
296453,3097278,Directed,1554,1
296395,1012862,Directed,1555,1
296395,2001405,Directed,1556,1
296395,2211760,Directed,1557,1
296360,679294,Directed,1558,1
296360,2062393,Directed,1559,1
296360,1616059,Directed,1560,1
296360,1005450,Directed,1561,1
3154012,3552799,Directed,1562,1
3154012,4056405,Directed,1564,1
3154012,3509420,Directed,1565,1
3154025,4318618,Directed,1566,1
3154025,4258502,Directed,1567,1
3154025,4134772,Directed,1568,1
3154025,4268612,Directed,1569,1
3154025,3854914,Directed,1570,1
3154025,4113487,Directed,1571,1
3154025,3891546,Directed,1572,1
3154025,3552883,Directed,1573,1
3154025,3552909,Directed,1574,1
3154025,3994484,Directed,1576,1
3153978,3362996,Directed,1577,1
3153978,4031142,Directed,1578,1
3153978,3464947,Directed,1579,1
2932345,3274256,Directed,1580,1
2932345,4031153,Directed,1581,1
2932363,3303528,Directed,1583,1
2932363,3308561,Directed,1584,1
2932363,3129374,Directed,1585,1
2932363,3254807,Directed,1586,1
2932363,3699939,Directed,1587,1
2932363,3303547,Directed,1589,1
2932363,3509420,Directed,1590,1
2932363,3154012,Directed,1591,1
2932363,3521040,Directed,1592,1
2932363,3274287,Directed,1593,1
2932300,3609787,Directed,1594,1
2932300,3763265,Directed,1595,1
2932300,3699941,Directed,1596,1
2932300,4013803,Directed,1597,1
2932300,3254807,Directed,1598,1
2932262,3464977,Directed,1599,1
2932262,4134626,Directed,1600,1
2932262,3609769,Directed,1602,1
2932262,3803026,Directed,1603,1
2932262,3254807,Directed,1604,1
2932262,4358267,Directed,1605,1
2932262,3887184,Directed,1606,1
2932262,3891561,Directed,1607,1
2932262,4119278,Directed,1609,1
2932254,4134763,Directed,1610,1
2932254,3994262,Directed,1611,1
2932254,3129382,Directed,1612,1
2932189,3552909,Directed,1613,1
2932349,3654946,Directed,1614,1
2932349,3480526,Directed,1615,1
2932349,3254778,Directed,1616,1
2181290,2932237,Directed,1617,1
2181290,3254784,Directed,1618,1
2181290,3332688,Directed,1619,1
2181290,3521692,Directed,1620,1
2181290,3699941,Directed,1621,1
2181290,3609787,Directed,1622,1
2181290,2437751,Directed,1623,1
2181466,4318618,Directed,1624,1
2181466,3994262,Directed,1625,1
2181466,3315514,Directed,1628,1
2181466,3129388,Directed,1630,1
2181466,3033147,Directed,1632,1
2181334,3721846,Directed,1634,1
2181334,2943059,Directed,1636,1
2181334,2685981,Directed,1637,1
2181334,2796913,Directed,1638,1
2181334,3486832,Directed,1639,1
2181334,3654944,Directed,1640,1
2181334,2854947,Directed,1641,1
2181334,2437739,Directed,1642,1
2181298,2548274,Directed,1643,1
2181298,2448558,Directed,1644,1
2181298,3480592,Directed,1645,1
2181298,3097278,Directed,1647,1
2181298,3836132,Directed,1648,1
3891518,4318618,Directed,1649,1
3891518,4258465,Directed,1650,1
3891518,4172514,Directed,1651,1
3891501,4318618,Directed,1652,1
3891501,4030729,Directed,1654,1
3891501,4251109,Directed,1655,1
3891501,4168353,Directed,1656,1
3891501,4453611,Directed,1657,1
3891501,4291892,Directed,1659,1
1319780,3303522,Directed,1660,1
1319780,3097264,Directed,1661,1
1319780,2342596,Directed,1662,1
1319780,3609769,Directed,1663,1
1319780,1616029,Directed,1664,1
1319780,3315502,Directed,1665,1
1319780,2912717,Directed,1666,1
1319780,3303544,Directed,1667,1
1319780,2437752,Directed,1668,1
1319780,3609802,Directed,1669,1
1319780,1616156,Directed,1670,1
1319644,3307437,Directed,1671,1
1319644,2280580,Directed,1672,1
1319644,2062393,Directed,1673,1
1319644,2820520,Directed,1674,1
1319644,3303544,Directed,1675,1
1319618,3509405,Directed,1677,1
1319618,3015665,Directed,1678,1
1319618,3630854,Directed,1679,1
1319618,2280618,Directed,1680,1
1319618,3033163,Directed,1681,1
1319618,2912706,Directed,1682,1
1319618,1900875,Directed,1683,1
1319618,2912709,Directed,1684,1
3552909,4134763,Directed,1686,1
3552883,4131686,Directed,1692,1
3552883,3994412,Directed,1693,1
3552883,4134772,Directed,1694,1
3552934,3521040,Directed,1696,1
2448591,4008187,Directed,1707,1
2448591,3032959,Directed,1708,1
2448591,3656982,Directed,1709,1
2448591,3967217,Directed,1710,1
2448591,3303522,Directed,1712,1
2448558,3307437,Directed,1713,1
2448558,3032987,Directed,1714,1
2448558,3254807,Directed,1715,1
2448558,3332690,Directed,1716,1
2448558,2854952,Directed,1717,1
2448558,3609787,Directed,1718,1
2448558,3480596,Directed,1719,1
2448558,2777171,Directed,1720,1
2448623,3254807,Directed,1721,1
2448623,4134592,Directed,1722,1
2448623,3821096,Directed,1723,1
2448673,2912702,Directed,1724,1
2448673,4172309,Directed,1725,1
2448673,3609760,Directed,1727,1
2448673,3254807,Directed,1728,1
2448673,3699941,Directed,1729,1
2448673,3521692,Directed,1730,1
2448673,3609802,Directed,1731,1
2448736,3509407,Directed,1735,1
754510,3609787,Directed,1738,1
754510,3836132,Directed,1739,1
754510,2231954,Directed,1740,1
106414,1858757,Directed,1741,1
106414,2603306,Directed,1742,1
106414,1711635,Directed,1743,1
106414,2820544,Directed,1744,1
106414,383002,Directed,1745,1
106414,3254778,Directed,1746,1
106414,3308561,Directed,1747,1
754652,2685968,Directed,1748,1
754652,2181429,Directed,1749,1
754652,3721846,Directed,1750,1
106381,382965,Directed,1751,1
754562,3763265,Directed,1752,1
754562,4100912,Directed,1753,1
754562,1320588,Directed,1754,1
754562,3332698,Directed,1755,1
754688,3533212,Directed,1764,1
754687,2932237,Directed,1770,1
754687,2437751,Directed,1771,1
382965,3097264,Directed,1772,1
383002,1858757,Directed,1773,1
383002,2820544,Directed,1774,1
383002,2603306,Directed,1775,1
754751,1097682,Directed,1776,1
754751,3303528,Directed,1777,1
754751,3050669,Directed,1778,1
754751,2001218,Directed,1779,1
754751,1320602,Directed,1780,1
754744,1618234,Directed,1781,1
754744,2346444,Directed,1783,1
383125,2769256,Directed,1784,1
383125,2025503,Directed,1785,1
383125,3254807,Directed,1786,1
383125,2346444,Directed,1787,1
382840,2854952,Directed,1791,1
382840,2243540,Directed,1792,1
382840,2437752,Directed,1793,1
1097600,1903881,Directed,1794,1
1097600,2342596,Directed,1795,1
1097600,2062393,Directed,1796,1
1097600,3332688,Directed,1797,1
1097600,3303544,Directed,1798,1
1097600,1616156,Directed,1799,1
1097600,2305214,Directed,1800,1
1097600,1903769,Directed,1801,1
1097600,1736072,Directed,1802,1
1097600,2912715,Directed,1803,1
1097600,3315492,Directed,1804,1
1097600,2025461,Directed,1806,1
1097600,2025503,Directed,1807,1
1097600,2437752,Directed,1808,1
1097603,2445947,Directed,1812,1
1097603,3699936,Directed,1813,1
1097603,2305174,Directed,1814,1
1097603,2448673,Directed,1815,1
1097603,3630825,Directed,1816,1
1097658,2280618,Directed,1818,1
1413384,2342652,Directed,1819,1
1097786,3303522,Directed,1820,1
1097786,3097264,Directed,1821,1
1097786,1616029,Directed,1822,1
1097786,2346444,Directed,1823,1
1097620,2548274,Directed,1824,1
1097620,2448558,Directed,1825,1
1097620,2280537,Directed,1826,1
1097620,3307437,Directed,1827,1
1097843,1711545,Directed,1828,1
1097843,1711635,Directed,1829,1
754570,3215392,Directed,1830,1
754570,1900875,Directed,1832,1
754570,1097603,Directed,1833,1
754570,2001345,Directed,1834,1
1097823,4318618,Directed,1835,1
1097823,1711699,Directed,1837,1
1097823,3609802,Directed,1838,1
1097823,3332698,Directed,1839,1
1097823,3129388,Directed,1840,1
1097823,2634087,Directed,1841,1
1413482,2912705,Directed,1842,1
1413482,2932237,Directed,1843,1
1413482,1711692,Directed,1844,1
1413482,3332698,Directed,1845,1
1413482,1711699,Directed,1846,1
1413573,2166871,Directed,1847,1
1413573,3129382,Directed,1848,1
1413573,2437754,Directed,1849,1
1413573,2280601,Directed,1850,1
1413573,3254749,Directed,1851,1
1413573,2437752,Directed,1852,1
1413573,2764956,Directed,1853,1
1413573,3097278,Directed,1854,1
1097597,1413403,Directed,1855,1
1413536,1413536,Directed,1856,1
1097733,4318618,Directed,1857,1
1413539,3050669,Directed,1858,1
1413539,2796931,Directed,1859,1
1413539,2603306,Directed,1860,1
1711511,2437738,Directed,1861,1
1711511,3315514,Directed,1862,1
1711511,2346444,Directed,1864,1
1711511,3363112,Directed,1865,1
1413403,3630825,Directed,1866,1
1413403,3486560,Directed,1867,1
1413525,2231949,Directed,1868,1
1413525,2876601,Directed,1869,1
1413525,3609769,Directed,1870,1
1413525,3447704,Directed,1871,1
1413525,1903881,Directed,1872,1
1413525,1736072,Directed,1873,1
1413525,3699941,Directed,1874,1
1097682,1436595,Directed,1875,1
1097682,2797015,Directed,1877,1
1097682,3427704,Directed,1878,1
1097707,2796931,Directed,1879,1
1097707,1413426,Directed,1880,1
1711606,3509405,Directed,1882,1
1711606,2445947,Directed,1883,1
1711606,2001345,Directed,1884,1
1711606,2755033,Directed,1885,1
1711545,2796931,Directed,1887,1
1711545,2932349,Directed,1888,1
1711545,3129374,Directed,1890,1
1413400,2437752,Directed,1891,1
1413400,3521040,Directed,1892,1
1413400,2797015,Directed,1893,1
1413400,2280780,Directed,1894,1
1413400,3254778,Directed,1895,1
1413400,3303547,Directed,1896,1
1413400,1900863,Directed,1897,1
1413400,1711635,Directed,1898,1
1413400,3129374,Directed,1899,1
1413400,2231954,Directed,1900,1
1711483,3254749,Directed,1902,1
1711483,2001377,Directed,1903,1
1711483,2280830,Directed,1904,1
1711483,2769256,Directed,1905,1
1711483,2502657,Directed,1906,1
1711483,2912723,Directed,1907,2
1711483,3363162,Directed,1908,1
1711483,3994484,Directed,1910,1
1711483,2912727,Directed,1911,1
1711635,2728709,Directed,1912,1
1711635,2280780,Directed,1913,1
1711635,1900863,Directed,1914,1
106512,821757,Directed,1915,1
106512,1900889,Directed,1916,1
106512,3654946,Directed,1917,1
106512,383028,Directed,1918,1
106512,3427704,Directed,1919,1
106512,3303528,Directed,1920,1
106512,3303547,Directed,1921,1
106512,3129374,Directed,1922,1
106512,3050669,Directed,1923,1
106512,2796931,Directed,1924,1
106512,2685967,Directed,1925,1
106512,1900869,Directed,1926,1
1097802,2001270,Directed,1927,1
1097802,1711658,Directed,1928,1
1413648,3307437,Directed,1929,1
1413648,2437738,Directed,1930,1
1413648,3315482,Directed,1931,1
1413648,2437745,Directed,1933,1
1413648,3315514,Directed,1934,1
1413648,4453611,Directed,1935,1
1413571,1711699,Directed,1936,1
1413571,2166871,Directed,1937,1
1711513,3215392,Directed,1939,1
1711513,3552799,Directed,1940,1
1711513,3699939,Directed,1942,1
1711654,3032914,Directed,1943,1
1711654,4453611,Directed,1944,1
1711654,3315502,Directed,1946,1
106297,664007,Directed,1947,1
106297,1903760,Directed,1949,1
106297,3307437,Directed,1950,1
106297,679294,Directed,1951,1
382882,2280601,Directed,1952,1
106533,730348,Directed,1955,1
1413555,1711692,Directed,1956,1
1413555,2342652,Directed,1957,1
1413555,4195046,Directed,1958,1
1413555,1711699,Directed,1959,1
1413555,2437751,Directed,1960,1
1413555,3332698,Directed,1961,1
1711663,3129360,Directed,1962,1
1711663,2445947,Directed,1963,1
1711663,2001411,Directed,1964,1
1711663,3427739,Directed,1965,1
1711663,2820366,Directed,1966,1
1711663,2231949,Directed,1967,1
1711663,2685984,Directed,1968,1
1711699,4100912,Directed,1970,1
1711699,3509412,Directed,1971,1
1711699,3332698,Directed,1972,1
1711699,3129388,Directed,1973,1
1711699,2634087,Directed,1974,1
2001338,3609769,Directed,1975,1
1711658,2231949,Directed,1976,1
1711658,2755033,Directed,1977,1
1711657,4318618,Directed,1978,1
1711657,3172575,Directed,1979,1
1711657,2445947,Directed,1981,1
1711657,2755033,Directed,1982,1
1097563,1900883,Directed,1986,1
2001411,3410591,Directed,1987,1
2001411,3427739,Directed,1988,1
2001411,2445947,Directed,1989,1
2001411,2820366,Directed,1990,1
2001411,3015665,Directed,1991,1
2001411,2755033,Directed,1992,1
2001411,2876601,Directed,1993,1
1413388,3129360,Directed,1995,1
1413388,2445947,Directed,1996,1
1413388,2231949,Directed,1997,1
1413388,4318618,Directed,1998,1
1413388,2001411,Directed,1999,1
1413388,1711663,Directed,2000,1
2001270,3254856,Directed,2002,1
2001305,2932237,Directed,2003,1
2001305,3254784,Directed,2004,1
2001305,4195046,Directed,2005,1
2001305,2437751,Directed,2006,1
2001305,4283376,Directed,2007,1
2001305,2280808,Directed,2008,1
2001305,2932254,Directed,2009,1
2001305,2912704,Directed,2010,1
2001377,2769256,Directed,2011,1
2001377,2502657,Directed,2012,1
2001377,2854937,Directed,2013,1
2001377,4172514,Directed,2014,1
2001377,2912723,Directed,2015,1
2001377,2280830,Directed,2016,1
2001377,3363162,Directed,2017,1
2001222,3763265,Directed,2018,1
2001327,3254807,Directed,2019,1
2001455,2854960,Directed,2020,1
2001455,3632245,Directed,2021,1
2001455,2912727,Directed,2022,1
2001455,2796931,Directed,2023,1
2001455,3083651,Directed,2024,1
2280542,3836132,Directed,2026,1
2280542,4298769,Directed,2027,1
2280542,3254807,Directed,2028,1
2280537,3315482,Directed,2035,1
2280537,2854952,Directed,2037,1
2280537,3609787,Directed,2038,1
2280537,3609802,Directed,2039,1
1711625,3609802,Directed,2040,1
1711625,3303547,Directed,2041,1
1711662,2062393,Directed,2042,1
1711662,4100912,Directed,2043,1
1711662,2448623,Directed,2045,1
1711662,2764956,Directed,2046,1
2001405,2755033,Directed,2048,1
2001405,3907426,Directed,2050,1
2001345,3509405,Directed,2051,1
2001558,3362996,Directed,2054,1
2001558,3274264,Directed,2056,1
2001558,4251109,Directed,2057,1
2001558,3699941,Directed,2058,1
2001558,4260444,Directed,2059,1
2001558,4134772,Directed,2060,1
2001558,2437752,Directed,2061,1
383028,3427704,Directed,2062,1
383028,3129374,Directed,2063,1
2280618,3033163,Directed,2064,1
2280618,3410475,Directed,2065,1
2280618,2912709,Directed,2066,1
2280618,3581351,Directed,2068,1
2280618,3994262,Directed,2069,1
2280618,3982565,Directed,2070,1
2280618,2685962,Directed,2071,1
2001463,4383766,Directed,2072,1
2280601,4258604,Directed,2073,1
2280601,3332689,Directed,2074,1
2280601,2859434,Directed,2075,1
2280601,2548258,Directed,2076,1
2280759,3609760,Directed,2078,1
2280759,3609769,Directed,2079,1
2280759,3699941,Directed,2080,1
2280759,3521692,Directed,2081,1
2280759,3315492,Directed,2082,1
2280759,3303544,Directed,2083,1
2280759,2437752,Directed,2084,1
2280759,2448673,Directed,2085,1
2280591,2796963,Directed,2086,1
2280591,2280590,Directed,2087,1
2280591,4134703,Directed,2088,1
2280723,3509407,Directed,2089,1
2280723,4291892,Directed,2090,1
2280723,2548410,Directed,2092,1
2280723,3033163,Directed,2094,1
2280723,2912709,Directed,2095,1
2280723,3855094,Directed,2096,1
2001397,3129388,Directed,2097,1
2001397,3254856,Directed,2098,1
2001534,2280846,Directed,2099,1
2001534,4013803,Directed,2101,1
2001534,2231949,Directed,2103,1
2001534,2445947,Directed,2104,1
2001534,3427739,Directed,2105,1
2001534,2755033,Directed,2106,1
2001534,2685960,Directed,2107,1
2001534,3967217,Directed,2108,1
2001534,3521692,Directed,2109,1
2001449,3833995,Directed,2110,1
2001449,4195046,Directed,2111,1
2001449,3254807,Directed,2112,1
2548292,3990722,Directed,2113,1
2548292,4251109,Directed,2114,1
2548292,4258502,Directed,2115,1
2548292,3486832,Directed,2116,1
2548292,4030781,Directed,2117,1
2548312,4291892,Directed,2121,1
2548312,4031180,Directed,2122,1
2001418,2280618,Directed,2123,1
2548305,4032128,Directed,2125,1
2548305,3363105,Directed,2126,1
2280820,3854914,Directed,2128,1
2280820,4013833,Directed,2129,1
2280665,2448623,Directed,2135,1
2001433,4031153,Directed,2136,1
2001433,3332688,Directed,2137,1
2001433,3821096,Directed,2138,1
2001433,4453611,Directed,2139,1
2001454,4251088,Directed,2141,1
2001454,4172514,Directed,2142,1
2001454,2995751,Directed,2144,1
2001454,2912705,Directed,2145,1
2280590,2796963,Directed,2146,1
2548394,2797190,Directed,2148,1
2548394,4283376,Directed,2149,1
2548394,4134763,Directed,2150,1
2548394,3990703,Directed,2151,1
2548394,4134703,Directed,2152,1
2001392,4134763,Directed,2153,1
2001392,3254784,Directed,2154,1
2001392,3509412,Directed,2155,1
2001392,2797190,Directed,2156,1
2001392,4283376,Directed,2157,1
2001392,2548394,Directed,2158,1
2001392,2548496,Directed,2159,1
2280780,3521040,Directed,2160,1
2280780,3083651,Directed,2161,1
2280780,3427704,Directed,2162,1
2280780,3254857,Directed,2164,1
2280780,2796931,Directed,2165,1
2548410,3509407,Directed,2166,1
2548410,4291892,Directed,2167,1
2548410,3033163,Directed,2170,1
2548466,4318618,Directed,2171,1
2548466,3967217,Directed,2172,1
2548466,3763265,Directed,2173,1
2548466,4287873,Directed,2174,1
2280600,2796967,Directed,2175,1
2280600,3033163,Directed,2176,1
2548314,3315502,Directed,2179,1
2280763,4318618,Directed,2180,1
2280763,4094295,Directed,2181,1
2548346,3254750,Directed,2182,1
2548274,3609787,Directed,2184,1
2548274,3032987,Directed,2185,1
2548274,3307437,Directed,2186,1
2548274,3332690,Directed,2187,1
2548274,3254807,Directed,2188,1
2548274,2912719,Directed,2190,1
2548496,4258404,Directed,2191,1
2548496,4318618,Directed,2192,1
2548496,3994262,Directed,2193,1
2548496,4100912,Directed,2194,1
2548496,2932237,Directed,2195,1
2548496,3521027,Directed,2196,1
2548496,3254784,Directed,2197,1
2548496,4134763,Directed,2199,1
2548496,3821097,Directed,2200,1
2548496,3994484,Directed,2201,1
2548496,4029938,Directed,2202,2
2548496,4298769,Directed,2204,1
2548455,4318618,Directed,2205,1
2548455,3254747,Directed,2206,1
2548455,3552805,Directed,2207,1
2548455,3521039,Directed,2209,1
2280846,2445947,Directed,2211,1
2280846,3363112,Directed,2212,1
2280846,2755033,Directed,2213,1
2280846,3521692,Directed,2214,1
2280846,2473602,Directed,2215,1
2280846,2685960,Directed,2217,1
2280808,3254784,Directed,2218,1
2280808,2437751,Directed,2219,1
2280808,3994262,Directed,2220,1
2280808,4283376,Directed,2221,1
2280808,2932237,Directed,2222,1
2548332,3655163,Directed,2224,1
2548258,3609769,Directed,2225,1
2548258,3315502,Directed,2226,1
2548258,3254749,Directed,2228,1
2280830,3521021,Directed,2229,1
2280830,2502657,Directed,2230,1
2280830,3254749,Directed,2231,1
2280830,3656984,Directed,2232,1
2797162,3994484,Directed,2233,1
2797162,3609802,Directed,2234,1
2797162,4036465,Directed,2236,1
2797162,4210800,Directed,2237,1
2797162,3909047,Directed,2238,1
2796985,3630825,Directed,2239,1
2796985,3215392,Directed,2240,1
2797190,4318618,Directed,2244,1
2797190,4100912,Directed,2245,1
2797190,3521027,Directed,2247,1
2797190,3990703,Directed,2248,1
2797190,4134703,Directed,2249,1
2797190,4134763,Directed,2250,1
2797201,3763265,Directed,2251,1
2797201,4318618,Directed,2252,1
2797201,3215392,Directed,2254,1
2797201,4258502,Directed,2255,1
2797201,4134772,Directed,2256,1
2797201,4056405,Directed,2257,1
2797201,3254807,Directed,2258,1
2797029,2912727,Directed,2259,1
2797029,3254749,Directed,2261,1
2797029,2912723,Directed,2262,1
2797029,3332681,Directed,2263,1
2797029,3763265,Directed,2264,1
2797029,4051888,Directed,2265,1
2797029,2932356,Directed,2266,1
2797029,3307437,Directed,2267,1
2796908,3254807,Directed,2268,1
2796908,3891518,Directed,2269,1
2796931,3303528,Directed,2270,1
2796931,3254778,Directed,2271,1
2796931,3129374,Directed,2272,1
2796931,3050669,Directed,2273,1
2796931,3303547,Directed,2274,1
2796931,3427704,Directed,2275,1
2797125,3521019,Directed,2276,1
2797125,3427639,Directed,2277,1
2797125,3889739,Directed,2278,1
2797015,3303547,Directed,2279,1
2797015,3427704,Directed,2280,1
2797015,3480526,Directed,2281,1
2797015,3032908,Directed,2282,1
3032908,3427704,Directed,2283,1
3032908,3521040,Directed,2284,1
3033004,3410475,Directed,2285,1
3033004,3129362,Directed,2286,1
3032987,3521039,Directed,2287,1
3032987,3609769,Directed,2288,1
3032987,4031153,Directed,2289,1
3032987,3609787,Directed,2290,1
3032987,3254857,Directed,2291,1
3033001,3254856,Directed,2292,1
3033058,4318618,Directed,2294,1
3033058,3303522,Directed,2296,1
3033163,2575625,Directed,2298,1
3033163,3982565,Directed,2299,1
3033163,3994262,Directed,2300,1
3033010,3303522,Directed,2301,1
3033010,3254807,Directed,2302,1
3033010,4453611,Directed,2303,1
2548321,3821154,Directed,2304,1
2548321,2912704,Directed,2305,1
2548321,4030729,Directed,2306,1
2548321,3731662,Directed,2307,1
2548321,3480596,Directed,2308,1
2548321,2854947,Directed,2309,1
3032892,4100912,Directed,2310,1
3032892,4094282,Directed,2311,1
3032892,4251109,Directed,2312,1
3032892,4134772,Directed,2313,1
3032892,3994412,Directed,2314,1
3032892,4131651,Directed,2315,1
3032892,4033916,Directed,2316,1
3032892,3990703,Directed,2317,1
3032892,3994326,Directed,2318,1
3032892,3821097,Directed,2319,1
3032892,3834141,Directed,2320,1
3032892,3521022,Directed,2321,1
2796967,3033163,Directed,2322,1
2796967,3196541,Directed,2323,1
2797059,3033163,Directed,2324,1
3032962,4134618,Directed,2327,1
3032962,3254778,Directed,2328,1
3033142,4258502,Directed,2329,1
3033142,3834212,Directed,2331,1
3033142,3854914,Directed,2332,1
3033142,3332695,Directed,2333,1
3033142,3254807,Directed,2334,1
3033142,3236157,Directed,2335,1
3032914,3763265,Directed,2336,1
3032914,3609787,Directed,2337,1
3032914,3967217,Directed,2339,1
3033067,3129383,Directed,2341,1
3033067,3254857,Directed,2342,1
3033067,4051898,Directed,2343,1
3033067,3410591,Directed,2344,1
3033067,3994484,Directed,2345,1
3033067,3332678,Directed,2346,1
3033067,3552909,Directed,2347,1
3033067,3982562,Directed,2348,1
3033067,3129392,Directed,2350,1
3033170,3254859,Directed,2351,1
3254749,3763265,Directed,2352,1
3254749,3410591,Directed,2353,1
3254778,4358267,Directed,2357,1
3254778,4445955,Directed,2358,1
3254778,4383766,Directed,2360,1
3254778,3671861,Directed,2361,1
3254778,3654946,Directed,2362,1
3254778,3552934,Directed,2363,1
3254778,4258404,Directed,2364,1
3254778,3967217,Directed,2365,1
3254778,3699939,Directed,2366,1
3254850,4013833,Directed,2368,1
3254850,4268612,Directed,2369,1
3254850,4190713,Directed,2370,1
3254850,3854914,Directed,2371,1
3254850,4172309,Directed,2372,1
3254850,4094295,Directed,2373,1
3254850,3654935,Directed,2374,1
3254850,3982562,Directed,2375,1
3254850,3521021,Directed,2376,1
3033207,3307437,Directed,2377,1
2797110,4318618,Directed,2378,1
2797110,3410475,Directed,2379,1
2797110,3254749,Directed,2380,1
3254747,4318618,Directed,2381,1
3254747,3609769,Directed,2384,1
3254747,4134772,Directed,2385,1
3254747,3887184,Directed,2386,1
3254747,4013803,Directed,2387,1
3254747,3609787,Directed,2388,1
3254747,4258604,Directed,2389,1
3254747,3609802,Directed,2390,1
3254784,3889739,Directed,2391,1
3254784,3982565,Directed,2393,1
3254784,3982562,Directed,2394,1
3254784,4134763,Directed,2395,1
3254784,3994484,Directed,2396,1
3254784,3609788,Directed,2397,1
3254784,3521038,Directed,2398,1
3254784,3655013,Directed,2399,1
2280882,3332690,Directed,2401,1
2280882,3363112,Directed,2402,1
2280882,3307437,Directed,2403,1
2280882,3254807,Directed,2404,1
2280882,3609802,Directed,2405,1
3033012,3810372,Directed,2406,1
3033012,4013833,Directed,2407,1
3033012,3854914,Directed,2408,1
3032959,3982562,Directed,2410,1
3032959,4134793,Directed,2411,1
3032959,3655145,Directed,2412,1
3032959,3655102,Directed,2413,1
3032959,3656982,Directed,2414,2
3254727,4358267,Directed,2416,1
3254727,3833995,Directed,2418,1
3254727,3854914,Directed,2419,1
3254727,3521027,Directed,2420,1
3254830,4258604,Directed,2421,1
3254859,3763265,Directed,2422,1
3254859,4094295,Directed,2423,1
3254807,4134592,Directed,2426,1
3254807,3609769,Directed,2428,1
3033147,4318618,Directed,2431,1
3033147,3464947,Directed,2432,1
3033147,3982562,Directed,2433,1
3033147,3521020,Directed,2434,1
3033147,3464977,Directed,2435,1
3033147,4258604,Directed,2436,1
3033147,4100912,Directed,2437,1
3033147,4358199,Directed,2438,1
3033147,3363112,Directed,2439,1
3254806,4113487,Directed,2440,1
3254806,3803026,Directed,2441,1
3254750,4318618,Directed,2442,1
3254750,3332702,Directed,2443,1
3254750,3655163,Directed,2444,1
3254750,3654944,Directed,2445,1
3254750,3521019,Directed,2446,1
3254857,4383766,Directed,2447,1
3254857,4258604,Directed,2448,1
3254857,3609788,Directed,2449,1
3254857,4258404,Directed,2450,1
3254857,3332684,Directed,2451,1
3254857,3967217,Directed,2452,1
3254857,4051898,Directed,2453,1
3254857,3994484,Directed,2454,1
3033115,4318618,Directed,2455,1
3033165,4318618,Directed,2464,1
3254744,4030729,Directed,2465,1
3254723,4358267,Directed,2466,1
3254723,3464947,Directed,2467,1
3254723,3821097,Directed,2468,1
3254771,3332702,Directed,2470,1
3254771,3521027,Directed,2471,1
3254771,3994326,Directed,2472,1
3033149,3721846,Directed,2473,1
3033149,4030781,Directed,2474,1
3254870,4195046,Directed,2475,1
3254917,3891561,Directed,2478,1
3254917,3933488,Directed,2479,1
3465057,4318618,Directed,2480,1
3465057,4030729,Directed,2482,1
3465057,3731662,Directed,2483,1
3465145,4318618,Directed,2484,1
3465145,3655163,Directed,2487,1
3654944,3994262,Directed,2488,1
3654944,3994326,Directed,2489,1
3654944,4030729,Directed,2490,1
3654944,3731694,Directed,2491,1
3655013,4318618,Directed,2492,1
3655013,4134793,Directed,2494,1
3655013,3994326,Directed,2495,1
3655013,3990703,Directed,2496,1
3655013,4251109,Directed,2497,1
3655013,4258502,Directed,2498,1
3655013,3821097,Directed,2499,1
3655013,3994439,Directed,2500,1
3655013,4258604,Directed,2501,1
3655013,4445955,Directed,2502,1
3655013,4013833,Directed,2503,1
3464960,4172309,Directed,2510,1
3464977,4100912,Directed,2511,1
3464977,4258502,Directed,2514,1
3464977,4260444,Directed,2515,1
3464977,3990722,Directed,2516,1
3464977,4258604,Directed,2517,1
3464977,4131686,Directed,2518,1
3654946,4318618,Directed,2519,1
3465094,4258404,Directed,2520,1
3465094,4283376,Directed,2521,1
3465094,3982562,Directed,2522,1
3465094,3521039,Directed,2523,1
3465094,3810329,Directed,2524,1
3655083,4032128,Directed,2525,1
3655113,4036465,Directed,2527,1
3655113,4210800,Directed,2528,1
3465168,3855094,Directed,2530,1
3465168,3803026,Directed,2531,1
3465168,3990722,Directed,2532,1
3465168,4291892,Directed,2533,1
3254873,4358267,Directed,2534,1
3254873,3699941,Directed,2535,1
3254873,4013803,Directed,2536,1
3654979,4318618,Directed,2537,1
3654979,3973908,Directed,2538,1
3465121,4318618,Directed,2539,1
3465121,4134763,Directed,2541,1
3465121,3889739,Directed,2543,1
3465121,4258604,Directed,2544,1
3465184,3763265,Directed,2546,1
3465184,4298769,Directed,2548,1
3655016,4036465,Directed,2549,1
3655016,3909047,Directed,2550,1
3465056,3982562,Directed,2552,1
3465056,3699939,Directed,2554,1
3465056,3810329,Directed,2555,1
3465056,3821097,Directed,2556,1
3465056,3982565,Directed,2557,1
3465056,3521045,Directed,2558,1
3465056,4298769,Directed,2559,1
3254858,3363094,Directed,2560,1
3994262,4318618,Directed,2561,1
3994262,4134763,Directed,2564,1
3994262,4168353,Directed,2565,1
3994262,4258604,Directed,2566,1
3654935,4195046,Directed,2567,1
3654935,4383766,Directed,2568,1
3654935,4134592,Directed,2569,1
3654935,4030729,Directed,2570,1
3654935,4013833,Directed,2572,1
3655145,4134793,Directed,2573,1
3655145,4134763,Directed,2575,1
3655145,3982562,Directed,2577,1
3465070,3973908,Directed,2579,1
3033175,4318618,Directed,2581,1
3033175,4094295,Directed,2582,1
3655102,4318618,Directed,2583,1
3655102,3803026,Directed,2585,1
3655102,4134763,Directed,2586,1
3655102,4134772,Directed,2587,1
3655102,4119278,Directed,2589,1
3465035,4051898,Directed,2591,1
3465035,4258571,Directed,2592,1
3464947,3994439,Directed,2593,1
3464947,4030781,Directed,2594,1
3464947,4358267,Directed,2595,1
3464947,3834141,Directed,2596,1
3464947,4134703,Directed,2597,1
3464947,3609802,Directed,2598,1
3464947,3609769,Directed,2599,1
3994326,4100912,Directed,2600,1
3994326,4134793,Directed,2603,1
3994326,4134703,Directed,2604,1
3994326,4134763,Directed,2605,1
3994326,4258604,Directed,2607,1
3994513,4358199,Directed,2609,1
3994513,4258604,Directed,2610,1
3994440,4258502,Directed,2612,1
3994484,4318618,Directed,2618,1
3994484,4383766,Directed,2619,1
3994484,4258604,Directed,2620,1
3994484,4134749,Directed,2621,1
3994484,2575625,Directed,2622,1
3994484,4134772,Directed,2623,1
3994484,4268612,Directed,2625,1
3994484,4283376,Directed,2627,1
4134772,4318618,Directed,2628,1
4134772,4383766,Directed,2629,1
4134772,4258604,Directed,2630,1
4134772,4251109,Directed,2631,1
4134749,4318618,Directed,2632,1
4258502,4383766,Directed,2635,1
4258502,4258502,Directed,2636,1
4134806,4318618,Directed,2637,1
4134806,4100912,Directed,2638,1
4134806,4134793,Directed,2640,1
4134806,4358199,Directed,2641,1
4134806,4383766,Directed,2642,1
4134806,4258604,Directed,2643,1
4134806,4445955,Directed,2644,1
4134806,4283376,Directed,2645,1
4134889,4318618,Directed,2646,1
4134889,4258604,Directed,2647,1
3994405,4100912,Directed,2649,1
3994405,2575625,Directed,2650,1
3994405,4134749,Directed,2651,1
3655163,4318618,Directed,2653,1
3655163,3763265,Directed,2654,1
3994511,4318618,Directed,2656,1
3994511,4251109,Directed,2658,1
3994511,4291892,Directed,2659,1
4258571,4383766,Directed,2661,1
3994412,4383766,Directed,2663,1
3994412,4251109,Directed,2664,1
3994412,4134772,Directed,2665,1
4134626,4258502,Directed,2667,1
4134703,4318618,Directed,2669,1
4134703,4383766,Directed,2670,1
4134703,4251109,Directed,2671,1
4134703,4258658,Directed,2672,1
4358199,4445955,Directed,2674,1
4258658,4383766,Directed,2679,1
4258604,4318618,Directed,2681,1
4258604,4358199,Directed,2683,1
4258604,4445955,Directed,2684,1
4134760,4318618,Directed,2685,1
4134760,4383766,Directed,2686,1
4134592,4318618,Directed,2687,1
4134793,4318618,Directed,2688,1
4134793,4100912,Directed,2689,1
4134793,4251109,Directed,2690,1
4134793,4383766,Directed,2691,1
4134793,4258604,Directed,2692,1
4134793,4283376,Directed,2694,1
4358319,4445955,Directed,2695,1
4134763,4445955,Directed,2698,1
4134763,4383766,Directed,2699,1
4134763,4358199,Directed,2700,1
4134763,4195046,Directed,2701,1
1436595,3129374,Directed,2702,1
1436595,3699936,Directed,2703,1
1436595,3083681,Directed,2704,1
1436595,3303547,Directed,2705,1
1436595,2437752,Directed,2706,1
2025459,3307437,Directed,2707,1
2025459,2342596,Directed,2708,1
2025459,3315492,Directed,2709,1
2025459,3609769,Directed,2710,1
2025459,3129374,Directed,2711,1
2025459,2912712,Directed,2712,1
2025459,3891501,Directed,2713,1
2025459,3447704,Directed,2715,1
2025459,3332693,Directed,2716,1
2025459,2912715,Directed,2717,1
2025459,3887184,Directed,2718,1
2025459,2305214,Directed,2719,1
2025459,2437752,Directed,2720,1
1436617,2062383,Directed,2721,1
1436617,3296790,Directed,2722,1
1436617,3521012,Directed,2723,1
1436617,2280580,Directed,2724,1
1436617,3315482,Directed,2725,1
1436617,2342596,Directed,2726,1
1436617,2820520,Directed,2727,1
1436617,3315492,Directed,2728,1
1436617,2437741,Directed,2729,1
1436617,3609769,Directed,2730,1
1436617,2346444,Directed,2731,1
1436617,3315502,Directed,2732,1
1436617,3699941,Directed,2734,1
1436617,3509412,Directed,2735,1
1436617,2567939,Directed,2736,1
1436617,4134763,Directed,2738,1
1436617,2181401,Directed,2739,1
1436617,3303544,Directed,2740,1
1436617,1618251,Directed,2741,1
1436617,2437752,Directed,2742,1
1436617,3654944,Directed,2743,1
1436617,2437754,Directed,2744,1
1436617,3609802,Directed,2745,1
1736072,3307437,Directed,2757,1
1736072,2025459,Directed,2758,1
1736072,2342596,Directed,2759,1
1736072,2062393,Directed,2760,1
1736072,2820520,Directed,2761,1
1736072,3609760,Directed,2762,1
1736072,3274264,Directed,2763,1
1736072,3315492,Directed,2764,1
1736072,3609769,Directed,2765,1
1736072,3699941,Directed,2766,1
1736072,3447704,Directed,2767,1
1736072,3332693,Directed,2768,1
1736072,2912715,Directed,2769,1
1736072,1903881,Directed,2770,1
1736072,2305214,Directed,2771,1
1736072,2437752,Directed,2772,1
778735,3303547,Directed,2773,1
778735,1436595,Directed,2774,1
778735,3129374,Directed,2775,1
778735,3427704,Directed,2776,1
778735,1005595,Directed,2777,1
778735,3083651,Directed,2778,1
778735,2820544,Directed,2779,1
778735,3008978,Directed,2780,1
778735,2178011,Directed,2781,1
778735,2280772,Directed,2782,1
778735,2932363,Directed,2783,1
778735,2437752,Directed,2784,1
2025503,3307437,Directed,2785,1
2025503,2437735,Directed,2786,1
2025503,2437738,Directed,2787,1
2025503,3315514,Directed,2789,1
2025503,3363112,Directed,2790,1
2025455,4251088,Directed,2791,1
2025455,3509409,Directed,2794,1
2025455,3332690,Directed,2796,1
2025455,3315514,Directed,2797,1
2025455,2854952,Directed,2798,1
2025455,3363112,Directed,2799,1
2025455,3836132,Directed,2800,1
2025455,4453611,Directed,2801,1
2025455,3465070,Directed,2802,1
2025455,2437752,Directed,2803,1
778740,3307437,Directed,2804,1
778740,2062393,Directed,2805,1
778740,1900875,Directed,2806,1
778740,4453611,Directed,2807,1
778740,1474428,Directed,2808,1
1120323,2062434,Directed,2809,1
1436646,3307437,Directed,2810,1
1436646,2025455,Directed,2811,1
1436646,2437738,Directed,2812,1
1436646,3315482,Directed,2813,1
1436646,1618242,Directed,2814,1
1436646,3315514,Directed,2815,1
1436646,4453611,Directed,2816,1
1436646,2025503,Directed,2817,1
2305174,3609738,Directed,2818,1
2305174,3833995,Directed,2819,1
2305174,3274256,Directed,2820,1
2305174,3274264,Directed,2821,1
2305174,2854942,Directed,2822,1
2305174,2912712,Directed,2823,1
2305174,4031153,Directed,2824,1
2305174,3509412,Directed,2825,1
2305174,3315514,Directed,2826,1
2305174,2685975,Directed,2827,1
2305174,2912721,Directed,2828,1
2305174,4453611,Directed,2829,1
2305174,2448689,Directed,2830,1
2305174,3609802,Directed,2832,1
1736082,2437755,Directed,2833,1
1736082,2342652,Directed,2834,1
1736082,2062383,Directed,2835,1
114141,296293,Directed,2836,1
114141,1161576,Directed,2838,1
114141,3307437,Directed,2839,1
114141,1436648,Directed,2840,1
114141,2062383,Directed,2841,1
114141,2437739,Directed,2842,1
114141,664010,Directed,2843,1
114141,1097600,Directed,2844,1
114141,778735,Directed,2845,1
114110,320630,Directed,2846,1
114110,2854927,Directed,2847,1
114110,3303544,Directed,2848,1
2025480,3274256,Directed,2849,1
2025480,2820520,Directed,2850,1
2025480,3274264,Directed,2851,1
2025480,2854942,Directed,2853,1
2025480,2346444,Directed,2854,1
2025480,3315502,Directed,2855,1
2025480,3521692,Directed,2856,1
2025480,3129381,Directed,2857,1
2025480,3509412,Directed,2858,1
2025480,2567939,Directed,2859,1
2025480,2912717,Directed,2860,1
2025480,3609787,Directed,2861,1
2025480,3050669,Directed,2862,1
2025480,3521043,Directed,2864,1
1736078,2820536,Directed,2866,1
1120338,2280580,Directed,2868,1
1120338,2437741,Directed,2869,1
1120338,2437752,Directed,2870,1
1120338,2346444,Directed,2871,1
1120338,4031153,Directed,2873,1
1120338,2062393,Directed,2874,1
1120338,3274264,Directed,2875,1
1120338,3509407,Directed,2876,1
1120338,2764956,Directed,2877,1
1120338,3480596,Directed,2878,1
1120338,2854947,Directed,2879,1
1120338,2854937,Directed,2880,1
1120338,3303539,Directed,2881,1
1120338,3509412,Directed,2882,1
1120338,3315482,Directed,2883,1
1120338,3521012,Directed,2884,1
1120338,3887184,Directed,2886,1
1120338,3480592,Directed,2888,1
1120338,2854952,Directed,2889,1
1120338,4168353,Directed,2890,1
1120338,3699941,Directed,2891,1
1120338,3521692,Directed,2892,1
1120338,3303544,Directed,2893,1
1120338,3315492,Directed,2894,1
1120338,2181290,Directed,2895,1
1120348,3609769,Directed,2896,1
1120348,3609802,Directed,2897,1
1120348,2769256,Directed,2898,1
1120348,3254749,Directed,2899,1
1120348,2001377,Directed,2900,1
1120348,2305214,Directed,2901,1
1120348,1736072,Directed,2902,1
1120348,1903881,Directed,2903,1
1120348,1618238,Directed,2905,1
1120348,3303539,Directed,2906,1
1120348,2912714,Directed,2907,1
1120348,1711483,Directed,2908,1
1120348,2280830,Directed,2909,1
1120348,2342596,Directed,2911,1
1120348,2437752,Directed,2912,1
1120348,2448673,Directed,2913,1
1120348,3307437,Directed,2914,1
1120325,2854927,Directed,2915,1
1120325,1858757,Directed,2916,1
1120325,2603280,Directed,2917,1
1120325,2062383,Directed,2918,1
1120325,3303547,Directed,2919,1
1120325,3083651,Directed,2920,1
1120325,3129374,Directed,2921,1
114118,3521009,Directed,2922,1
114118,2062383,Directed,2923,1
114118,3609769,Directed,2925,1
114118,1012866,Directed,2926,1
114118,452773,Directed,2927,1
114118,452795,Directed,2929,1
114118,2025503,Directed,2930,1
114118,821757,Directed,2931,1
1736114,3480596,Directed,2932,1
1736114,3303536,Directed,2933,1
1736114,2346444,Directed,2934,1
1736114,3699936,Directed,2935,1
1736114,2567919,Directed,2936,1
1736114,3731662,Directed,2938,1
1736114,2548321,Directed,2939,1
114117,3097264,Directed,2941,1
114117,1618262,Directed,2942,1
114117,1616029,Directed,2943,1
114117,1319780,Directed,2944,1
114117,3303522,Directed,2945,1
114117,2346444,Directed,2946,1
114117,2437752,Directed,2947,1
114117,821757,Directed,2948,1
114117,3274264,Directed,2949,1
1736073,2567919,Directed,2950,1
1736073,2912717,Directed,2951,1
1736073,3303544,Directed,2952,1
1736073,3609788,Directed,2953,1
114123,821732,Directed,2954,1
114123,1120348,Directed,2955,1
114123,2567939,Directed,2956,1
114123,821757,Directed,2957,1
114123,1900871,Directed,2959,1
114123,2502657,Directed,2960,1
114123,2448558,Directed,2961,1
114123,3303544,Directed,2962,1
114123,2820520,Directed,2963,1
114123,3307437,Directed,2964,1
114123,2437752,Directed,2965,1
114123,1161549,Directed,2966,1
114123,2305186,Directed,2967,1
114123,2769256,Directed,2968,1
114123,2001377,Directed,2969,1
2567939,3274256,Directed,2971,1
2567939,3480592,Directed,2972,1
2567939,2820520,Directed,2973,1
2567939,2854937,Directed,2974,1
2567939,3480596,Directed,2975,1
2567939,3609760,Directed,2976,1
2567939,3315492,Directed,2977,1
2567939,4030729,Directed,2978,1
2567939,3891501,Directed,2979,1
2567939,3731662,Directed,2980,1
2567939,2854947,Directed,2982,1
2567939,4168353,Directed,2984,1
2567939,3887184,Directed,2985,1
2567939,3990722,Directed,2986,1
2567939,4453611,Directed,2987,1
2567939,3609802,Directed,2988,1
2305184,3307437,Directed,2990,1
2305184,3097278,Directed,2992,1
2305184,3699941,Directed,2993,1
2305184,4031153,Directed,2994,1
2305184,4168353,Directed,2996,1
2305184,4453611,Directed,2997,1
2305184,4291892,Directed,2998,1
1120365,1900859,Directed,3000,1
1120365,1900869,Directed,3001,1
1120365,1618237,Directed,3002,1
1120365,1858757,Directed,3003,1
1120365,2437752,Directed,3004,1
1120365,3303547,Directed,3005,1
1120365,3427704,Directed,3006,1
1120365,2728709,Directed,3007,1
1120365,3129374,Directed,3008,1
1120365,3008978,Directed,3009,1
1120365,2634087,Directed,3010,1
1120365,1711635,Directed,3011,1
1120365,3654946,Directed,3012,1
1120365,2796931,Directed,3013,1
1120365,2280780,Directed,3014,1
1120365,3303528,Directed,3015,1
1120365,3050669,Directed,3016,1
1120365,2932363,Directed,3017,1
1120365,2685967,Directed,3018,1
2567938,3521012,Directed,3019,1
2567938,3033010,Directed,3020,1
2567938,3509405,Directed,3021,1
2567938,3480596,Directed,3022,1
2567938,3521024,Directed,3023,1
2567938,3891501,Directed,3024,1
2567938,2854947,Directed,3026,1
2567938,2912717,Directed,3027,1
2567938,2854952,Directed,3028,1
2567938,2854954,Directed,3029,1
2567938,4453611,Directed,3030,1
2567938,3129393,Directed,3031,1
2305214,2769256,Directed,3032,1
2305214,3307437,Directed,3034,1
2305214,3254807,Directed,3035,1
2305214,3332693,Directed,3036,1
2305214,3315514,Directed,3037,1
2305214,2854952,Directed,3038,1
2305214,3303544,Directed,3039,1
3050668,3609802,Directed,3041,1
3480592,4031153,Directed,3042,1
3480592,4168353,Directed,3044,1
3480592,3821096,Directed,3045,1
3480592,3836132,Directed,3046,1
3480592,4453611,Directed,3047,1
3480592,4291892,Directed,3049,1
3274287,3609760,Directed,3062,1
3274287,3891501,Directed,3063,1
3274287,3699941,Directed,3064,1
3274287,4031153,Directed,3065,1
3274287,4168353,Directed,3067,1
3274287,3509420,Directed,3069,1
778678,3521009,Directed,3070,1
778678,2062383,Directed,3071,1
778678,2820520,Directed,3073,1
778678,3855094,Directed,3074,1
778678,3274264,Directed,3075,1
778678,3509405,Directed,3076,1
778678,2346444,Directed,3077,1
778678,3699936,Directed,3078,1
778678,3509409,Directed,3079,1
778678,3887184,Directed,3080,1
778678,3609802,Directed,3083,1
2305186,3699920,Directed,3084,1
2305186,3307437,Directed,3085,1
2305186,2854937,Directed,3086,1
2305186,3609760,Directed,3087,1
2305186,3609769,Directed,3088,1
2305186,3254807,Directed,3089,1
2305186,2567939,Directed,3090,1
2305186,3303544,Directed,3091,1
2567919,2854927,Directed,3092,1
2567919,3303536,Directed,3094,1
2567919,3129374,Directed,3095,1
2567919,3699936,Directed,3096,1
1436648,3307437,Directed,3097,1
1436648,3254807,Directed,3098,1
1436648,2437752,Directed,3099,1
1436648,2346444,Directed,3100,1
2567932,3129357,Directed,3102,1
2567932,4008187,Directed,3103,1
2567932,4453615,Directed,3104,1
3274256,4031142,Directed,3105,1
3274256,4031153,Directed,3106,1
3274256,3609738,Directed,3107,1
3274256,3480592,Directed,3109,1
3274256,3609802,Directed,3110,1
3274256,3994511,Directed,3111,1
3274256,3521014,Directed,3112,1
2820536,3509409,Directed,3113,1
2820536,3887184,Directed,3114,1
2820520,3315482,Directed,3116,1
2820520,2820520,Directed,3118,1
2820520,3855094,Directed,3119,1
2820520,3632245,Directed,3120,1
2820520,3315492,Directed,3121,1
2820520,3609769,Directed,3122,1
2820520,3315502,Directed,3123,1
2820520,3509409,Directed,3124,1
2820520,2912717,Directed,3126,1
2820520,3303544,Directed,3127,1
2820520,3609787,Directed,3128,1
2820520,4291892,Directed,3130,1
2820544,3303528,Directed,3131,1
2820544,3129374,Directed,3132,1
2820544,3254807,Directed,3133,1
2820544,3050669,Directed,3134,1
2820544,3303547,Directed,3135,1
2820544,3552934,Directed,3136,1
2820544,3521040,Directed,3137,1
2820544,3410591,Directed,3138,1
3274264,3480596,Directed,3139,1
3274264,3855094,Directed,3140,1
3274264,3521024,Directed,3141,1
3274264,3699941,Directed,3142,1
3274264,4168353,Directed,3143,1
3274264,4453611,Directed,3144,1
3274264,3609802,Directed,3146,1
3480596,4008187,Directed,3187,1
3480596,3855094,Directed,3188,1
3480596,3521024,Directed,3189,1
3480596,3891501,Directed,3190,1
3480596,3699941,Directed,3191,1
3480596,4168353,Directed,3192,1
3480596,3731694,Directed,3193,1
3480596,4453611,Directed,3194,1
3480596,4453615,Directed,3195,1
3671919,4031142,Directed,3197,1
3050669,3303528,Directed,3198,1
3050669,3274256,Directed,3199,1
3050669,3855094,Directed,3200,1
3050669,3129374,Directed,3201,1
3050669,3129381,Directed,3202,1
3050669,3303547,Directed,3203,1
3050669,3552934,Directed,3204,1
3050669,3410591,Directed,3205,1
3274250,3307437,Directed,3219,1
3274250,3509405,Directed,3221,1
3274250,3609802,Directed,3223,1
2305188,3303522,Directed,3225,1
2305188,3315482,Directed,3226,1
2305188,2854942,Directed,3227,1
2305188,4251109,Directed,3228,1
2305188,3509412,Directed,3229,1
2305188,4260444,Directed,3230,1
2305188,2854947,Directed,3231,1
2305188,4134772,Directed,3232,1
3671918,4318618,Directed,3233,1
3671918,4031142,Directed,3234,1
3671918,4268612,Directed,3236,1
3671918,4168353,Directed,3237,1
3671918,4453611,Directed,3238,1
4008187,4453615,Directed,3241,1
2025461,4318618,Directed,3245,1
2025461,3609769,Directed,3246,1
2025461,2912717,Directed,3247,1
2025461,3303544,Directed,3249,1
2025461,3315492,Directed,3250,1
2025461,2769256,Directed,3251,1
2025461,3254749,Directed,3252,1
2025461,2854942,Directed,3253,1
2025461,3129382,Directed,3254,1
2025461,2437741,Directed,3255,1
2025461,3129381,Directed,3256,1
2025461,3887184,Directed,3257,1
125957,452773,Directed,3258,1
125957,2346444,Directed,3259,1
1775938,3303522,Directed,3260,1
1775938,2062434,Directed,3261,1
2603280,3083651,Directed,3262,1
2603280,3303547,Directed,3263,1
2603280,3083681,Directed,3264,1
2603280,3671861,Directed,3265,1
2603280,2437752,Directed,3266,1
2603280,3308561,Directed,3267,1
2603280,2854927,Directed,3268,1
2854937,3410591,Directed,3269,1
2854937,3296790,Directed,3270,1
2854937,3891501,Directed,3271,1
2854937,3654944,Directed,3272,1
2854937,4008187,Directed,3273,1
2854937,3480596,Directed,3274,1
2854937,3332681,Directed,3275,1
2854937,4453611,Directed,3276,1
2854937,3363162,Directed,3277,1
2854937,3222780,Directed,3278,1
2854937,3303539,Directed,3279,1
2854937,2932215,Directed,3280,1
2854937,3274250,Directed,3281,1
2854937,2932262,Directed,3282,1
2854937,2912723,Directed,3283,1
821732,3609802,Directed,3284,1
821732,1120348,Directed,3285,1
821732,3303544,Directed,3286,1
821732,1736072,Directed,3287,1
821732,2769256,Directed,3288,1
821732,3480596,Directed,3289,1
821732,2854947,Directed,3290,1
821732,2305214,Directed,3291,1
821732,2305186,Directed,3292,1
821732,2820520,Directed,3294,1
821732,3307437,Directed,3295,1
2603306,3083651,Directed,3296,1
2603306,3303528,Directed,3297,1
2603306,3129374,Directed,3298,1
2603306,3083681,Directed,3299,1
2603306,3008978,Directed,3300,1
2603306,2820544,Directed,3301,1
2603306,3303547,Directed,3302,1
2603306,3050669,Directed,3303,1
821757,1161549,Directed,3304,1
821757,3129373,Directed,3305,1
821757,3521014,Directed,3306,1
821757,3274256,Directed,3307,1
821757,2932215,Directed,3308,1
821757,3307437,Directed,3309,1
821757,2231954,Directed,3310,1
2854929,3609738,Directed,3311,1
2854929,3480589,Directed,3313,1
2854929,3274256,Directed,3315,1
2854929,3609769,Directed,3316,1
2854929,3315502,Directed,3317,1
2854929,4031153,Directed,3318,1
2854929,2854954,Directed,3319,1
2854929,3609802,Directed,3322,1
2854929,3083719,Directed,3323,1
2854929,4031180,Directed,3324,1
2603269,3609738,Directed,3325,1
2603269,2854929,Directed,3326,1
2603269,3480589,Directed,3327,1
2603269,3303528,Directed,3328,1
2603269,3274256,Directed,3330,1
2603269,3609769,Directed,3331,1
2603269,3699939,Directed,3332,1
2603269,2854954,Directed,3333,1
2603269,4453611,Directed,3334,1
2603269,3521040,Directed,3335,1
2603269,3609802,Directed,3337,1
2603269,3083719,Directed,3338,1
2062434,4318618,Directed,3339,1
2062434,3763265,Directed,3340,1
2062434,3509412,Directed,3342,1
2062434,3609787,Directed,3343,1
2062434,3994511,Directed,3344,1
2062393,3307437,Directed,3345,1
2062393,3274250,Directed,3346,1
2062393,3609760,Directed,3347,1
2062393,3008978,Directed,3348,1
2062393,3050668,Directed,3349,1
2062393,2448673,Directed,3350,1
2062393,3609802,Directed,3351,1
2062383,3097278,Directed,3352,1
2062383,2346444,Directed,3353,1
2062383,2437744,Directed,3354,1
2062383,2567938,Directed,3355,1
2062383,3050668,Directed,3356,1
2062383,2181401,Directed,3357,1
2062383,2685974,Directed,3358,1
2062383,4119278,Directed,3360,1
2854952,3303522,Directed,3361,1
2854952,3097264,Directed,3362,1
2854952,3274256,Directed,3363,1
2854952,3274264,Directed,3364,1
2854952,3609769,Directed,3365,1
2854952,3699936,Directed,3366,1
2854952,3699941,Directed,3367,1
2854952,3315514,Directed,3368,1
2854952,3303544,Directed,3369,1
2854952,4168353,Directed,3370,1
2854952,3821097,Directed,3371,1
2854952,4453611,Directed,3372,1
2854952,3994511,Directed,3374,1
2854951,3274256,Directed,3376,1
2854951,3480596,Directed,3377,1
2854951,4453611,Directed,3378,1
2854927,3699936,Directed,3379,1
2854927,3521040,Directed,3380,1
821711,2560776,Directed,3381,1
821711,3274264,Directed,3382,1
821711,2820520,Directed,3383,1
821711,1319644,Directed,3384,1
821711,2912717,Directed,3385,1
2854960,3083651,Directed,3386,1
2854960,3303528,Directed,3387,1
2854960,2820544,Directed,3388,1
2854960,3083719,Directed,3389,1
821715,3699936,Directed,3390,1
821715,1736072,Directed,3391,1
821715,2025459,Directed,3392,1
821715,2342596,Directed,3393,1
821715,3303536,Directed,3394,1
821715,1736114,Directed,3395,1
821715,1436595,Directed,3396,1
821715,2346444,Directed,3398,1
821715,2820536,Directed,3399,1
821715,4008185,Directed,3400,1
3509407,3699920,Directed,3401,1
3509407,4172309,Directed,3402,1
3509407,3967217,Directed,3403,1
3509407,3803026,Directed,3404,1
3509407,3699941,Directed,3405,1
3509407,4168353,Directed,3406,1
3509407,3854914,Directed,3407,2
3509407,4291892,Directed,3409,1
3509405,3332688,Directed,3421,1
3509405,3855094,Directed,3422,1
3509405,3671918,Directed,3423,1
3509405,4168353,Directed,3425,1
3509412,3994262,Directed,3426,1
3509412,3699941,Directed,3428,1
3509412,4134763,Directed,3429,1
3509412,4453615,Directed,3430,1
452806,4031142,Directed,3431,1
452806,4031180,Directed,3432,1
452806,3129381,Directed,3433,1
452806,2437752,Directed,3434,1
452806,2025459,Directed,3435,1
452806,2912712,Directed,3436,1
452806,3332688,Directed,3437,1
452806,3332699,Directed,3438,1
452806,730348,Directed,3439,1
452806,1012869,Directed,3440,1
452806,3671918,Directed,3441,1
452806,3097264,Directed,3442,1
452806,1319780,Directed,3443,1
452806,1618262,Directed,3444,1
3509420,4453611,Directed,3445,1
3509420,4168353,Directed,3446,1
3509420,3699939,Directed,3447,1
3509420,4291892,Directed,3448,1
3509420,4251088,Directed,3450,1
3509420,3836132,Directed,3451,1
3509420,3630825,Directed,3452,1
3509420,3891501,Directed,3453,1
3509420,3887184,Directed,3454,1
3509409,4318618,Directed,3456,1
3509409,4031153,Directed,3458,1
3509409,3763265,Directed,3459,1
3509409,3887184,Directed,3460,1
3509409,3609787,Directed,3461,1
3509409,4291892,Directed,3462,1
3509409,3699936,Directed,3463,1
3509409,3967217,Directed,3464,1
3509409,3699920,Directed,3465,1
3509409,4453611,Directed,3466,1
3509409,4168353,Directed,3467,1
3509409,4251109,Directed,3468,1
1474428,3307437,Directed,3469,1
1474428,4453611,Directed,3470,1
4168353,4318618,Directed,3472,1
4168353,4453611,Directed,3474,1
4383766,4445955,Directed,3476,1
3967217,4210800,Directed,3477,1
3967217,4318618,Directed,3479,1
3967217,4383766,Directed,3481,1
3967217,4285201,Directed,3484,1
3427704,3552799,Directed,3485,1
3427704,3552934,Directed,3486,1
3427704,3521040,Directed,3487,1
3427704,3654946,Directed,3488,1
3427704,3609787,Directed,3491,1
3410591,4318618,Directed,3492,1
